CREATE DATABASE  IF NOT EXISTS `disease_db` /*!40100 DEFAULT CHARACTER SET utf8mb4 COLLATE utf8mb4_0900_ai_ci */ /*!80016 DEFAULT ENCRYPTION='N' */;
USE `disease_db`;
-- MySQL dump 10.13  Distrib 8.0.41, for Win64 (x86_64)
--
-- Host: localhost    Database: disease_db
-- ------------------------------------------------------
-- Server version	8.0.41

/*!40101 SET @OLD_CHARACTER_SET_CLIENT=@@CHARACTER_SET_CLIENT */;
/*!40101 SET @OLD_CHARACTER_SET_RESULTS=@@CHARACTER_SET_RESULTS */;
/*!40101 SET @OLD_COLLATION_CONNECTION=@@COLLATION_CONNECTION */;
/*!50503 SET NAMES utf8 */;
/*!40103 SET @OLD_TIME_ZONE=@@TIME_ZONE */;
/*!40103 SET TIME_ZONE='+00:00' */;
/*!40014 SET @OLD_UNIQUE_CHECKS=@@UNIQUE_CHECKS, UNIQUE_CHECKS=0 */;
/*!40014 SET @OLD_FOREIGN_KEY_CHECKS=@@FOREIGN_KEY_CHECKS, FOREIGN_KEY_CHECKS=0 */;
/*!40101 SET @OLD_SQL_MODE=@@SQL_MODE, SQL_MODE='NO_AUTO_VALUE_ON_ZERO' */;
/*!40111 SET @OLD_SQL_NOTES=@@SQL_NOTES, SQL_NOTES=0 */;

--
-- Table structure for table `continents`
--

DROP TABLE IF EXISTS `continents`;
/*!40101 SET @saved_cs_client     = @@character_set_client */;
/*!50503 SET character_set_client = utf8mb4 */;
CREATE TABLE `continents` (
  `ID` int NOT NULL AUTO_INCREMENT,
  `continent_name` varchar(45) DEFAULT NULL,
  PRIMARY KEY (`ID`),
  UNIQUE KEY `continent_name_UNIQUE` (`continent_name`)
) ENGINE=InnoDB AUTO_INCREMENT=7 DEFAULT CHARSET=utf8mb4 COLLATE=utf8mb4_0900_ai_ci;
/*!40101 SET character_set_client = @saved_cs_client */;

--
-- Dumping data for table `continents`
--

LOCK TABLES `continents` WRITE;
/*!40000 ALTER TABLE `continents` DISABLE KEYS */;
INSERT INTO `continents` VALUES (5,'Africa'),(4,'Asia'),(1,'Europe'),(2,'North America'),(6,'Oceania'),(3,'South America');
/*!40000 ALTER TABLE `continents` ENABLE KEYS */;
UNLOCK TABLES;

--
-- Table structure for table `countries`
--

DROP TABLE IF EXISTS `countries`;
/*!40101 SET @saved_cs_client     = @@character_set_client */;
/*!50503 SET character_set_client = utf8mb4 */;
CREATE TABLE `countries` (
  `ID` int NOT NULL AUTO_INCREMENT,
  `country_name` varchar(45) NOT NULL,
  `continent_id` int NOT NULL,
  `population` bigint NOT NULL,
  PRIMARY KEY (`ID`),
  UNIQUE KEY `country_name_UNIQUE` (`country_name`),
  KEY `Continent-FK_idx` (`continent_id`),
  CONSTRAINT `Continent-FK` FOREIGN KEY (`continent_id`) REFERENCES `continents` (`ID`) ON DELETE RESTRICT ON UPDATE CASCADE
) ENGINE=InnoDB AUTO_INCREMENT=17 DEFAULT CHARSET=utf8mb4 COLLATE=utf8mb4_0900_ai_ci;
/*!40101 SET character_set_client = @saved_cs_client */;

--
-- Dumping data for table `countries`
--

LOCK TABLES `countries` WRITE;
/*!40000 ALTER TABLE `countries` DISABLE KEYS */;
INSERT INTO `countries` VALUES (1,'Greece',1,10720000),(2,'Germany',1,83783942),(3,'France',1,67081000),(4,'Italy',1,60243406),(5,'United States',2,331002651),(6,'Canada',2,38008005),(7,'Brazil',3,213993437),(8,'China',4,1444216107),(9,'India',4,1393409038),(10,'Russia',4,125960000),(11,'Nigeria',5,223804632),(12,'South Africa',5,60041996),(13,'Egypt',5,110990103),(14,'Kenya',5,54985747),(15,'Australia',6,26195000),(16,'New Zealand',6,5122600);
/*!40000 ALTER TABLE `countries` ENABLE KEYS */;
UNLOCK TABLES;

--
-- Table structure for table `disease_cases`
--

DROP TABLE IF EXISTS `disease_cases`;
/*!40101 SET @saved_cs_client     = @@character_set_client */;
/*!50503 SET character_set_client = utf8mb4 */;
CREATE TABLE `disease_cases` (
  `ID` int NOT NULL AUTO_INCREMENT,
  `disease_id` int NOT NULL,
  `country_id` int NOT NULL,
  `cases` int NOT NULL,
  `deaths` int DEFAULT NULL,
  `case_report_date` date NOT NULL,
  PRIMARY KEY (`ID`),
  KEY `case_disease_id_idx` (`disease_id`),
  KEY `case_country_id_idx` (`country_id`),
  CONSTRAINT `case_country_id` FOREIGN KEY (`country_id`) REFERENCES `countries` (`ID`) ON DELETE RESTRICT ON UPDATE CASCADE,
  CONSTRAINT `case_disease_id` FOREIGN KEY (`disease_id`) REFERENCES `diseases` (`ID`) ON DELETE RESTRICT ON UPDATE CASCADE
) ENGINE=InnoDB AUTO_INCREMENT=1800 DEFAULT CHARSET=utf8mb4 COLLATE=utf8mb4_0900_ai_ci;
/*!40101 SET character_set_client = @saved_cs_client */;

--
-- Dumping data for table `disease_cases`
--

LOCK TABLES `disease_cases` WRITE;
/*!40000 ALTER TABLE `disease_cases` DISABLE KEYS */;
INSERT INTO `disease_cases` VALUES (1,4,1,68521,3968,'2020-10-06'),(2,1,4,171064,3570,'2018-07-04'),(3,1,2,8020,1876,'2019-04-06'),(4,2,4,48961,767,'2022-02-07'),(5,4,10,125619,3834,'2019-06-10'),(6,3,5,29942,2574,'2023-05-31'),(7,4,7,194828,481,'2024-08-07'),(8,5,7,18889,1260,'2019-01-01'),(9,3,4,130039,3259,'2022-09-08'),(10,4,14,178974,1446,'2023-12-31'),(11,4,10,181084,488,'2024-05-16'),(12,4,7,92720,1834,'2019-09-05'),(13,1,12,68479,3952,'2020-08-19'),(14,3,5,154187,1955,'2024-03-05'),(15,5,7,179868,1232,'2019-01-20'),(16,4,9,161520,1973,'2023-09-01'),(17,3,4,33579,570,'2024-07-03'),(18,5,4,61817,268,'2022-01-09'),(19,4,7,153306,3364,'2020-02-12'),(20,1,14,183918,1975,'2020-10-25'),(21,5,15,59417,2819,'2023-10-25'),(22,4,1,81258,1752,'2022-11-25'),(23,5,14,51437,1577,'2024-10-01'),(24,4,16,168761,628,'2022-11-30'),(25,1,8,17529,3454,'2023-10-05'),(26,4,6,31550,3422,'2018-01-27'),(27,5,14,111149,1970,'2022-02-02'),(28,4,5,143340,818,'2024-07-18'),(29,2,3,153886,3581,'2021-11-16'),(30,4,13,38616,756,'2024-05-01'),(31,4,16,72507,216,'2019-06-21'),(32,4,2,18950,2292,'2020-09-02'),(33,5,16,42465,2302,'2023-03-31'),(34,1,9,116680,3844,'2019-04-30'),(35,5,13,162136,1680,'2023-12-06'),(36,2,14,43546,3894,'2020-10-24'),(37,4,4,99737,1248,'2020-11-30'),(38,3,13,133191,2223,'2020-03-10'),(39,4,12,182724,1800,'2024-11-29'),(40,3,9,188943,2777,'2023-04-30'),(41,2,7,9071,1503,'2019-10-20'),(42,3,14,147851,3197,'2023-07-18'),(43,2,3,142303,3565,'2024-12-12'),(44,5,2,199479,1274,'2025-01-19'),(45,4,9,180142,3855,'2022-04-02'),(46,1,6,65561,3992,'2020-03-13'),(47,4,8,40282,2807,'2019-02-13'),(48,1,12,151759,1518,'2023-03-25'),(49,1,3,15443,3656,'2024-07-07'),(50,1,10,167436,1752,'2020-11-04'),(51,2,3,161622,1804,'2021-04-17'),(52,3,3,101873,1972,'2018-05-20'),(53,3,8,67271,3340,'2024-03-30'),(54,1,10,141601,1419,'2023-02-12'),(55,2,7,193383,1176,'2024-12-15'),(56,5,11,7530,1077,'2021-01-04'),(57,3,2,81896,1459,'2023-04-13'),(58,1,16,172152,2816,'2019-06-24'),(59,2,7,120832,2105,'2018-08-20'),(60,4,13,130783,927,'2024-07-19'),(61,1,15,183878,3447,'2023-12-27'),(62,2,13,175372,1914,'2021-07-06'),(63,5,1,93826,1723,'2019-05-06'),(64,2,12,160160,800,'2021-12-15'),(65,1,16,166952,1980,'2021-11-10'),(66,3,14,55467,3473,'2019-11-23'),(67,3,1,126039,2707,'2022-10-16'),(68,4,14,114725,3004,'2024-10-09'),(69,4,3,46818,3385,'2019-10-31'),(70,2,16,94080,3082,'2022-06-08'),(71,2,4,147910,1946,'2024-02-13'),(72,2,2,129432,3086,'2023-03-24'),(73,3,13,56812,811,'2018-05-01'),(74,2,3,5399,1394,'2022-06-06'),(75,4,15,21390,3782,'2019-06-27'),(76,5,3,183270,2522,'2023-07-15'),(77,1,16,105468,1360,'2018-03-24'),(78,4,13,121599,3265,'2021-06-15'),(79,5,8,100393,543,'2024-02-02'),(80,4,16,167628,1631,'2019-07-16'),(81,1,5,70053,3143,'2024-01-22'),(82,3,10,155733,930,'2018-11-28'),(83,2,12,107304,3598,'2020-07-20'),(84,3,15,146179,2189,'2023-11-15'),(85,2,12,55951,3111,'2020-06-08'),(86,3,3,150572,1826,'2023-09-10'),(87,3,15,107667,255,'2023-08-02'),(88,1,14,181703,2911,'2019-02-02'),(89,2,2,59864,313,'2021-09-25'),(90,5,14,99666,845,'2021-01-30'),(91,3,8,175226,381,'2020-03-26'),(92,3,5,147351,1172,'2019-02-16'),(93,3,2,115068,3389,'2020-02-23'),(94,4,10,105976,2810,'2022-04-26'),(95,5,8,185851,1368,'2024-03-30'),(96,5,15,86137,679,'2024-12-01'),(97,5,7,104245,341,'2019-07-10'),(98,3,9,8686,1825,'2018-11-07'),(99,1,16,44583,1333,'2022-08-06'),(100,4,11,184748,2381,'2024-02-25'),(101,1,14,116573,407,'2024-08-16'),(102,2,11,98405,3347,'2018-10-24'),(103,4,7,15439,3736,'2025-01-11'),(104,5,5,176308,2200,'2024-06-05'),(105,3,16,163577,469,'2020-11-21'),(106,4,13,4436,3206,'2020-11-12'),(107,1,14,177873,809,'2018-01-11'),(108,4,15,192564,2819,'2022-01-13'),(109,5,11,68208,3861,'2023-01-22'),(110,2,4,135472,724,'2019-10-18'),(111,4,7,156632,843,'2022-07-30'),(112,4,12,64338,1295,'2024-05-23'),(113,1,1,34640,2711,'2019-05-13'),(114,5,6,111805,3424,'2018-01-13'),(115,2,3,128450,1045,'2022-06-04'),(116,4,1,162396,2770,'2022-10-12'),(117,4,9,59315,478,'2019-10-20'),(118,2,12,89292,2057,'2021-06-29'),(119,3,9,138660,3453,'2022-10-19'),(120,1,15,147669,1572,'2020-09-30'),(121,1,12,13394,924,'2019-06-05'),(122,2,1,147376,3044,'2022-11-28'),(123,2,10,64969,1156,'2018-10-05'),(124,4,14,16969,3209,'2024-08-08'),(125,2,11,49137,2520,'2018-07-07'),(126,3,6,8262,3258,'2021-05-08'),(127,3,8,81476,510,'2020-06-26'),(128,1,10,50703,3974,'2020-02-15'),(129,1,14,28229,1183,'2022-02-06'),(130,3,16,113383,1590,'2023-02-12'),(131,1,12,82733,2461,'2019-10-14'),(132,2,4,197352,1035,'2020-02-29'),(133,4,8,22394,692,'2019-06-17'),(134,1,14,57881,3720,'2024-09-21'),(135,4,14,121485,324,'2024-02-27'),(136,4,13,41386,2271,'2023-02-21'),(137,2,8,77920,696,'2024-03-09'),(138,5,10,156019,1794,'2023-05-07'),(139,4,15,58232,2714,'2019-07-16'),(140,2,6,74939,3411,'2019-08-16'),(141,1,5,35262,778,'2018-05-28'),(142,3,16,125474,1858,'2023-04-29'),(143,5,13,194625,1015,'2023-08-18'),(144,1,3,9260,3392,'2021-11-16'),(145,1,10,76438,2872,'2018-03-30'),(146,5,4,18874,1244,'2019-12-25'),(147,1,10,23525,3056,'2021-04-23'),(148,4,10,51698,2529,'2021-02-04'),(149,2,16,48052,2307,'2021-05-21'),(150,5,6,47038,647,'2021-11-07'),(151,4,12,159834,299,'2020-06-27'),(152,5,12,164049,1021,'2019-01-27'),(153,3,5,175067,1039,'2018-02-04'),(154,4,3,196154,2998,'2021-10-24'),(155,2,2,60224,1008,'2021-10-23'),(156,1,5,85082,2589,'2019-09-02'),(157,4,5,144292,2832,'2022-10-03'),(158,5,5,82909,3821,'2018-08-31'),(159,2,3,84187,2998,'2021-02-26'),(160,2,2,36426,2599,'2020-10-08'),(161,5,11,13316,290,'2022-09-15'),(162,3,5,94045,807,'2020-05-14'),(163,4,11,74741,1620,'2023-04-05'),(164,4,13,193288,997,'2021-10-16'),(165,2,10,169161,3067,'2018-09-01'),(166,4,10,64126,1063,'2020-01-23'),(167,5,13,118478,2496,'2024-07-12'),(168,2,16,13212,3938,'2019-05-18'),(169,2,13,91796,500,'2024-08-10'),(170,1,13,6819,468,'2021-07-11'),(171,4,14,14343,1252,'2022-09-06'),(172,2,14,139323,234,'2024-01-13'),(173,3,1,65087,2212,'2018-05-14'),(174,3,6,53389,2852,'2023-07-17'),(175,5,7,46627,3228,'2024-03-21'),(176,1,13,129306,3483,'2024-02-24'),(177,5,12,12469,937,'2022-04-24'),(178,5,1,133695,3646,'2022-05-21'),(179,3,7,9932,3711,'2024-10-05'),(180,4,1,70274,2553,'2018-08-14'),(181,5,10,53425,784,'2022-01-04'),(182,1,12,146119,1093,'2019-09-01'),(183,4,2,188464,2094,'2020-07-12'),(184,2,14,140361,1082,'2020-03-08'),(185,1,11,145927,1483,'2024-11-06'),(186,3,10,128848,1822,'2020-11-21'),(187,5,5,10034,3677,'2019-10-29'),(188,1,8,35560,2565,'2018-03-10'),(189,1,15,97825,3585,'2022-01-20'),(190,4,7,123169,2603,'2018-07-21'),(191,3,5,42893,1266,'2022-05-06'),(192,5,14,34035,1607,'2019-08-16'),(193,2,8,154001,940,'2019-10-30'),(194,5,4,171315,3120,'2023-12-01'),(195,5,16,137661,3501,'2018-11-07'),(196,5,8,88086,3065,'2023-10-21'),(197,5,2,131330,2107,'2019-01-26'),(198,1,5,43284,2529,'2019-03-31'),(199,2,16,163297,1584,'2020-11-10'),(200,4,2,43941,686,'2024-03-08'),(201,5,5,168375,3078,'2024-02-03'),(202,3,1,96134,2758,'2024-02-01'),(203,1,2,78356,2569,'2024-12-13'),(204,1,16,181747,872,'2020-10-15'),(205,4,5,21726,346,'2020-08-13'),(206,2,10,130510,3204,'2023-11-24'),(207,2,15,125808,496,'2022-03-30'),(208,3,2,89308,1618,'2021-01-02'),(209,1,9,190701,1685,'2024-10-31'),(210,5,15,82249,503,'2023-09-29'),(211,3,5,78515,3623,'2018-03-22'),(212,4,11,178944,1404,'2020-07-31'),(213,2,14,129788,1864,'2018-12-20'),(214,4,15,45148,874,'2018-12-01'),(215,1,5,170173,226,'2023-12-30'),(216,4,14,54139,1646,'2020-10-11'),(217,1,3,67209,3829,'2021-05-03'),(218,1,3,105796,606,'2020-04-13'),(219,2,14,123565,2385,'2018-09-21'),(220,1,11,81582,2001,'2022-06-08'),(221,3,16,146875,3052,'2021-05-02'),(222,4,9,70156,1564,'2023-02-28'),(223,5,2,26823,1109,'2019-09-22'),(224,3,4,71534,3226,'2019-09-20'),(225,3,5,133596,2524,'2024-04-08'),(226,4,4,141140,3092,'2018-06-25'),(227,3,10,165299,261,'2023-11-05'),(228,2,1,172109,217,'2020-06-28'),(229,3,1,53195,2186,'2018-04-05'),(230,2,13,34630,3056,'2021-05-26'),(231,1,6,169904,2449,'2018-11-25'),(232,2,13,55916,3596,'2021-07-16'),(233,3,2,55774,2482,'2023-01-19'),(234,5,15,157907,3698,'2018-02-08'),(235,2,13,113154,3456,'2023-08-27'),(236,5,13,10733,422,'2020-07-05'),(237,5,14,142307,1080,'2019-01-30'),(238,3,4,44658,2846,'2022-11-03'),(239,1,14,165694,1727,'2025-01-08'),(240,2,12,45108,2053,'2023-03-17'),(241,2,5,46161,2805,'2022-07-13'),(242,5,9,23738,3049,'2018-07-07'),(243,5,4,55302,1386,'2018-02-10'),(244,4,10,35125,1770,'2018-04-23'),(245,4,15,155987,3115,'2020-09-13'),(246,3,10,139515,2176,'2023-11-10'),(247,4,6,26152,1719,'2018-06-18'),(248,1,4,86060,485,'2024-10-03'),(249,5,13,173534,2137,'2024-02-14'),(250,1,4,140733,1048,'2019-07-09'),(251,1,11,62002,2500,'2019-07-20'),(252,5,1,55788,2681,'2021-12-31'),(253,2,3,103531,1682,'2022-04-28'),(254,5,9,4102,2768,'2021-06-29'),(255,4,6,99133,3492,'2019-10-04'),(256,4,3,182843,3400,'2018-08-24'),(257,5,2,75389,1881,'2022-09-17'),(258,3,8,178316,627,'2024-01-01'),(259,5,3,95345,3084,'2019-05-01'),(260,2,3,63640,718,'2022-08-31'),(261,1,4,19344,3577,'2024-05-28'),(262,5,11,40525,3106,'2018-09-22'),(263,4,5,114044,1310,'2021-10-13'),(264,5,7,79772,1019,'2023-05-27'),(265,2,15,10927,1876,'2024-07-20'),(266,1,4,115111,3167,'2021-03-08'),(267,3,6,6034,3646,'2023-03-21'),(268,1,16,159833,1073,'2019-01-28'),(269,2,1,22888,3544,'2021-01-24'),(270,1,4,153703,1248,'2020-06-06'),(271,4,1,183729,729,'2020-09-02'),(272,4,10,199678,422,'2021-11-08'),(273,5,3,21538,3322,'2022-08-20'),(274,5,9,107689,910,'2019-04-04'),(275,1,12,150263,460,'2023-03-03'),(276,5,15,106789,2378,'2019-12-18'),(277,5,5,16014,1745,'2018-11-24'),(278,5,10,178472,1308,'2020-12-03'),(279,3,5,52755,3541,'2019-10-17'),(280,4,3,19745,2468,'2023-10-02'),(281,3,13,59197,3231,'2020-04-14'),(282,2,4,59710,1565,'2024-08-04'),(283,1,8,185762,471,'2018-10-11'),(284,2,13,166898,1596,'2024-01-03'),(285,3,14,94598,3329,'2024-05-07'),(286,4,4,95046,2567,'2019-06-01'),(287,3,14,75157,2443,'2019-06-01'),(288,5,6,20047,2744,'2023-03-09'),(289,5,12,183910,3508,'2020-03-21'),(290,1,4,142429,1443,'2023-07-20'),(291,1,13,195036,1696,'2019-08-21'),(292,5,8,184387,3600,'2018-07-20'),(293,1,9,195890,1021,'2020-06-17'),(294,2,14,188272,1133,'2019-11-07'),(295,2,8,93269,2504,'2022-02-21'),(296,1,10,75612,3042,'2022-09-16'),(297,4,3,47860,2870,'2023-04-24'),(298,1,8,116989,2169,'2024-02-14'),(299,1,4,184575,1791,'2024-07-01'),(300,3,11,78515,1266,'2019-11-14'),(301,5,16,124371,2081,'2018-10-07'),(302,4,12,176125,212,'2020-01-30'),(303,2,8,125818,1159,'2022-11-25'),(304,2,3,143768,3123,'2020-08-03'),(305,1,9,85804,2165,'2023-12-18'),(306,2,5,168485,2299,'2019-07-18'),(307,4,14,160200,2254,'2021-08-07'),(308,2,9,113627,2570,'2019-12-02'),(309,1,7,150174,543,'2021-09-06'),(310,2,11,69586,1340,'2023-10-25'),(311,1,12,170937,479,'2021-05-12'),(312,2,11,187751,1629,'2024-09-29'),(313,4,9,28829,984,'2018-06-08'),(314,2,10,112648,381,'2018-11-08'),(315,1,4,182927,2064,'2022-09-20'),(316,1,1,162319,664,'2021-07-08'),(317,2,16,104626,3812,'2020-01-09'),(318,2,10,180503,2915,'2018-01-28'),(319,2,1,163093,951,'2023-08-10'),(320,3,8,171216,2753,'2023-03-21'),(321,4,9,141262,1666,'2018-06-11'),(322,4,7,159781,2357,'2018-04-27'),(323,5,12,105302,209,'2025-01-04'),(324,1,10,8342,3064,'2020-01-18'),(325,1,10,152027,891,'2019-02-11'),(326,2,6,81204,922,'2023-08-09'),(327,5,2,19630,1317,'2023-02-20'),(328,1,2,11998,2175,'2018-11-21'),(329,4,15,191203,2370,'2019-03-01'),(330,1,13,39322,445,'2019-03-17'),(331,1,14,192542,246,'2020-06-25'),(332,2,16,175107,1004,'2018-06-02'),(333,3,2,26256,1322,'2019-05-18'),(334,3,10,75591,632,'2020-09-12'),(335,3,13,12934,2385,'2019-12-03'),(336,4,15,132255,2078,'2020-10-07'),(337,1,3,192195,3547,'2020-04-07'),(338,5,2,32785,3247,'2018-12-03'),(339,1,9,90455,1989,'2024-08-11'),(340,1,3,108565,1238,'2022-11-01'),(341,4,15,84147,2034,'2023-09-28'),(342,2,8,108934,2660,'2019-11-19'),(343,3,3,168615,1179,'2024-02-07'),(344,4,14,25186,284,'2023-07-16'),(345,3,6,139197,2030,'2023-04-23'),(346,2,14,174971,312,'2021-01-28'),(347,3,16,121665,1488,'2023-07-21'),(348,4,3,53845,2068,'2023-09-04'),(349,5,9,94781,2971,'2018-08-13'),(350,5,8,53074,3142,'2024-10-03'),(351,5,12,104705,2097,'2018-08-11'),(352,2,16,77823,1110,'2024-01-05'),(353,3,15,180633,1547,'2020-07-23'),(354,4,12,63392,3343,'2024-04-18'),(355,2,16,174935,712,'2018-04-13'),(356,5,2,34179,2044,'2018-12-23'),(357,1,1,92622,2850,'2023-08-06'),(358,5,10,118591,877,'2019-04-22'),(359,2,8,185511,1049,'2019-07-31'),(360,5,11,190051,403,'2024-11-02'),(361,2,12,10277,3520,'2023-02-27'),(362,1,4,66723,2595,'2024-01-31'),(363,5,1,113096,1834,'2022-01-18'),(364,1,6,120982,499,'2024-12-20'),(365,5,2,174483,3084,'2021-08-30'),(366,3,13,77162,1963,'2023-07-07'),(367,3,5,147680,2611,'2019-08-17'),(368,2,16,190049,1589,'2018-08-13'),(369,3,9,22691,1931,'2024-05-10'),(370,5,10,129863,3864,'2019-09-28'),(371,5,16,195264,3475,'2021-04-19'),(372,4,1,54685,804,'2019-05-12'),(373,2,7,21507,3997,'2022-04-01'),(374,3,13,181179,487,'2019-12-28'),(375,4,12,22702,2013,'2021-09-30'),(376,2,8,195560,719,'2021-11-02'),(377,2,14,184569,1066,'2021-08-04'),(378,3,12,135312,1094,'2018-06-28'),(379,5,6,164102,3499,'2019-07-26'),(380,1,13,169841,3339,'2018-03-12'),(381,1,9,21524,252,'2024-07-03'),(382,1,10,98231,3729,'2019-02-13'),(383,4,15,132866,2260,'2018-01-02'),(384,3,13,57087,650,'2022-07-01'),(385,4,6,105907,3747,'2019-04-28'),(386,5,14,45300,3518,'2024-02-08'),(387,5,2,75045,3747,'2024-12-19'),(388,4,7,151173,1361,'2018-01-05'),(389,1,1,102535,3213,'2021-03-16'),(390,3,5,158742,3779,'2018-09-05'),(391,5,4,162241,3374,'2018-05-29'),(392,1,12,104557,1553,'2019-06-10'),(393,1,7,157062,2018,'2020-08-09'),(394,3,16,136559,1463,'2022-11-14'),(395,5,3,89029,3486,'2020-08-31'),(396,2,9,127727,1541,'2018-07-17'),(397,1,3,14225,1112,'2023-01-05'),(398,2,16,191640,1973,'2020-02-28'),(399,1,11,106232,2930,'2024-01-22'),(400,1,9,73872,3068,'2018-05-04'),(401,5,8,94213,3949,'2019-05-17'),(402,2,10,65132,3082,'2024-11-28'),(403,4,9,118191,2058,'2018-03-30'),(404,3,4,107526,1178,'2022-04-16'),(405,3,15,197943,488,'2022-08-24'),(406,2,8,10077,2088,'2025-01-18'),(407,5,3,115994,2012,'2021-12-05'),(408,2,11,174383,952,'2022-03-23'),(409,5,15,154689,3746,'2021-08-11'),(410,3,8,149721,344,'2023-04-28'),(411,1,1,128233,1716,'2022-10-31'),(412,2,3,157124,902,'2019-11-28'),(413,4,11,67635,2204,'2023-03-21'),(414,3,2,174245,2271,'2020-02-19'),(415,4,16,71260,3482,'2018-10-16'),(416,5,5,145550,3700,'2018-04-19'),(417,5,16,41267,2585,'2022-05-30'),(418,3,12,91308,1555,'2020-11-03'),(419,1,1,168564,2337,'2021-05-13'),(420,2,16,164333,1903,'2023-12-07'),(421,3,13,167804,885,'2022-06-29'),(422,1,11,6589,2906,'2023-10-09'),(423,2,10,174196,1190,'2021-12-18'),(424,1,12,23926,871,'2022-02-26'),(425,4,1,149273,817,'2018-07-26'),(426,2,9,75454,3826,'2023-03-06'),(427,4,14,58903,2512,'2023-11-10'),(428,4,15,182206,3887,'2019-10-10'),(429,1,6,186507,3692,'2018-03-18'),(430,4,13,143910,566,'2019-02-25'),(431,1,16,113619,3315,'2024-11-19'),(432,2,10,89221,322,'2023-04-26'),(433,4,10,82171,3155,'2022-06-07'),(434,5,16,185219,2845,'2018-07-26'),(435,3,12,95592,1607,'2019-07-10'),(436,2,9,95070,1589,'2021-02-02'),(437,4,10,102751,1882,'2020-11-19'),(438,5,2,174929,2406,'2018-11-22'),(439,3,9,88634,2565,'2019-06-21'),(440,1,6,93391,2171,'2018-07-20'),(441,1,13,175736,2801,'2018-07-22'),(442,5,9,111785,2450,'2020-07-01'),(443,2,4,105012,1096,'2022-01-21'),(444,4,12,199421,3273,'2018-02-26'),(445,4,16,106837,336,'2023-01-21'),(446,3,16,79078,3772,'2019-11-30'),(447,2,6,135394,2303,'2024-06-13'),(448,1,4,24960,622,'2018-12-25'),(449,4,7,160808,1318,'2024-01-31'),(450,5,6,129191,876,'2024-01-20'),(451,5,11,4150,1001,'2024-03-08'),(452,3,2,140155,3851,'2020-08-07'),(453,2,15,132738,3010,'2020-10-17'),(454,5,6,124163,2387,'2024-06-21'),(455,3,4,51973,3057,'2020-07-13'),(456,1,10,91521,3537,'2019-04-03'),(457,3,3,32571,3472,'2024-03-27'),(458,4,10,166296,3453,'2019-07-26'),(459,4,15,104426,3735,'2019-07-13'),(460,5,10,41919,1302,'2021-08-30'),(461,1,15,111110,985,'2023-10-18'),(462,2,12,190397,1468,'2023-06-08'),(463,5,8,174653,1152,'2019-11-14'),(464,4,6,149336,3015,'2018-04-14'),(465,1,9,147990,2931,'2019-07-28'),(466,5,10,142675,820,'2023-09-15'),(467,2,3,190158,3268,'2021-02-24'),(468,2,13,31354,1431,'2019-12-30'),(469,3,12,56556,608,'2022-09-24'),(470,2,8,197042,1968,'2022-08-14'),(471,2,6,183807,1283,'2023-03-24'),(472,3,13,7524,3084,'2024-02-05'),(473,2,13,134737,2579,'2020-10-10'),(474,4,2,79500,3045,'2019-12-02'),(475,4,10,55550,399,'2023-10-20'),(476,2,2,138301,2239,'2020-05-26'),(477,2,3,38725,875,'2023-08-16'),(478,3,7,41193,672,'2021-08-05'),(479,2,5,49097,1900,'2023-09-05'),(480,1,4,29294,2102,'2018-11-21'),(481,2,4,37819,431,'2021-02-06'),(482,5,15,65462,3444,'2023-12-09'),(483,2,5,50074,1147,'2018-11-01'),(484,5,10,137621,1408,'2023-08-30'),(485,2,15,5164,2887,'2024-01-19'),(486,4,3,31133,869,'2022-10-19'),(487,2,11,124425,3011,'2021-09-11'),(488,1,2,128705,1438,'2022-01-03'),(489,5,6,124199,3415,'2018-05-08'),(490,4,3,6744,2649,'2020-09-26'),(491,3,3,77635,327,'2018-08-01'),(492,1,1,130607,2678,'2020-01-15'),(493,4,8,117211,1940,'2018-09-30'),(494,2,1,192410,1080,'2024-06-17'),(495,1,11,138148,302,'2020-10-14'),(496,3,4,66843,907,'2023-03-28'),(497,5,7,113175,2709,'2024-02-17'),(498,4,5,105765,2343,'2020-02-17'),(499,4,8,24277,761,'2019-01-08'),(500,1,13,163707,1828,'2020-03-09'),(501,1,5,119767,2935,'2022-01-14'),(502,3,11,164685,3231,'2021-05-21'),(503,5,3,78295,3816,'2021-09-19'),(504,5,15,121288,1256,'2018-05-16'),(505,5,6,153567,2577,'2022-06-05'),(506,1,5,198761,1279,'2022-11-17'),(507,2,12,155790,2036,'2022-12-15'),(508,3,1,7149,3460,'2018-02-03'),(509,1,15,185827,1361,'2025-01-03'),(510,4,8,57221,1058,'2019-07-06'),(511,1,10,156583,1520,'2020-12-19'),(512,5,3,196614,3654,'2023-12-17'),(513,2,14,62677,1554,'2020-04-13'),(514,2,11,149405,3668,'2020-05-17'),(515,3,13,127958,3903,'2020-07-22'),(516,5,2,125661,3654,'2023-11-29'),(517,4,9,184399,3626,'2024-04-23'),(518,4,7,95159,1237,'2021-01-27'),(519,5,16,32338,3306,'2022-04-15'),(520,3,1,30421,1657,'2024-01-05'),(521,5,8,86458,1188,'2023-01-24'),(522,5,2,142555,493,'2023-11-09'),(523,2,2,13245,1279,'2023-09-03'),(524,2,15,67029,2668,'2021-11-05'),(525,3,16,35262,2464,'2021-04-28'),(526,1,3,6517,3980,'2021-11-06'),(527,4,15,81134,1181,'2024-01-23'),(528,5,15,149961,287,'2023-03-03'),(529,2,12,95387,3678,'2018-03-01'),(530,2,9,179798,884,'2019-10-12'),(531,3,2,10693,1575,'2018-04-17'),(532,1,8,127426,1795,'2021-04-13'),(533,3,7,181126,3055,'2024-09-22'),(534,2,15,183105,3412,'2023-03-07'),(535,1,5,146480,2089,'2021-07-14'),(536,3,4,193913,3062,'2023-02-27'),(537,4,10,71260,3951,'2022-02-28'),(538,5,13,96853,1861,'2018-01-12'),(539,3,12,52143,1627,'2018-03-30'),(540,1,15,164178,2319,'2021-07-21'),(541,4,4,126341,2603,'2024-03-02'),(542,5,5,38110,520,'2024-12-14'),(543,4,2,140521,2520,'2019-02-26'),(544,4,1,166612,3658,'2021-07-24'),(545,5,6,91522,1132,'2019-08-11'),(546,3,6,154498,329,'2021-03-30'),(547,4,4,61962,377,'2019-11-28'),(548,4,14,189557,2226,'2021-12-02'),(549,2,4,106256,2100,'2025-01-05'),(550,5,6,103133,1702,'2022-09-29'),(551,1,6,29626,798,'2019-03-27'),(552,4,4,61004,495,'2018-02-21'),(553,1,3,124415,3840,'2023-11-18'),(554,5,14,64770,1758,'2018-09-09'),(555,2,10,89873,2161,'2018-07-26'),(556,4,5,155087,1126,'2021-05-16'),(557,2,11,188345,332,'2021-05-18'),(558,4,3,66469,3057,'2024-01-18'),(559,1,4,53436,3067,'2019-05-26'),(560,3,4,174632,390,'2022-02-23'),(561,3,16,161180,3293,'2018-12-21'),(562,1,7,157889,2854,'2018-05-16'),(563,3,10,153866,2206,'2023-04-08'),(564,4,3,158640,3943,'2024-06-10'),(565,4,6,48016,2673,'2021-05-08'),(566,3,14,10966,972,'2019-02-05'),(567,3,5,135093,450,'2022-01-09'),(568,4,2,158535,3698,'2020-04-01'),(569,2,14,42060,2618,'2023-07-19'),(570,1,5,61301,3678,'2018-07-07'),(571,2,15,123947,773,'2018-05-31'),(572,3,12,76310,2451,'2022-05-10'),(573,5,9,67010,2262,'2019-03-31'),(574,1,1,18157,3090,'2022-04-17'),(575,1,4,72443,2248,'2021-09-06'),(576,5,3,115318,838,'2020-10-18'),(577,4,11,130003,2964,'2024-08-20'),(578,2,9,166545,1492,'2023-08-07'),(579,3,11,110822,954,'2023-08-22'),(580,4,7,80984,2674,'2024-09-17'),(581,3,16,13613,649,'2018-11-20'),(582,3,5,105374,1713,'2021-09-30'),(583,3,5,61369,3243,'2023-04-05'),(584,5,3,199950,2513,'2020-02-04'),(585,1,4,81582,2564,'2019-02-06'),(586,4,6,77823,2245,'2020-11-27'),(587,5,9,6590,2058,'2022-02-08'),(588,3,1,169333,1656,'2019-12-24'),(589,5,3,55211,2856,'2019-06-20'),(590,5,7,144578,3413,'2022-02-05'),(591,1,13,187636,2958,'2022-12-30'),(592,3,15,161297,1562,'2023-03-29'),(593,5,8,131829,2916,'2024-09-01'),(594,2,14,113636,2163,'2023-07-23'),(595,1,3,198537,1713,'2021-07-21'),(596,1,13,175107,896,'2023-07-11'),(597,4,10,142415,1140,'2019-06-02'),(598,3,10,136303,3883,'2021-05-12'),(599,3,8,69786,3093,'2019-09-03'),(600,4,16,80746,829,'2021-01-06'),(601,1,7,119803,637,'2024-08-08'),(602,3,13,196494,656,'2019-07-06'),(603,1,4,183769,567,'2020-01-26'),(604,3,9,84398,3678,'2021-06-24'),(605,5,10,188331,966,'2022-07-26'),(606,1,10,156377,2773,'2021-05-13'),(607,1,16,71756,1557,'2023-02-03'),(608,4,16,89682,1786,'2022-07-24'),(609,3,2,69411,2587,'2024-09-08'),(610,5,1,53445,2825,'2020-01-15'),(611,1,13,56414,2346,'2022-01-18'),(612,2,4,81627,1391,'2023-08-25'),(613,5,2,184467,2867,'2020-12-09'),(614,4,8,25209,2357,'2021-03-17'),(615,3,12,74943,2695,'2019-09-07'),(616,2,11,35432,918,'2021-06-13'),(617,4,3,108919,1732,'2021-07-05'),(618,3,4,19565,3064,'2020-04-29'),(619,5,14,42951,1666,'2025-01-17'),(620,3,5,119762,1292,'2022-05-31'),(621,2,4,39590,800,'2018-08-31'),(622,4,4,157549,2995,'2024-03-09'),(623,3,6,9288,1943,'2021-03-28'),(624,2,7,68552,1588,'2021-03-23'),(625,1,5,71894,2433,'2021-02-16'),(626,2,4,158128,1799,'2019-06-02'),(627,2,6,27898,409,'2023-01-28'),(628,1,5,186796,1701,'2022-03-27'),(629,1,1,4249,1667,'2021-01-08'),(630,3,8,68690,3715,'2020-06-04'),(631,3,3,74469,2121,'2025-01-16'),(632,4,5,84721,1535,'2019-07-28'),(633,1,5,119146,1223,'2023-10-30'),(634,5,15,36578,1331,'2024-09-16'),(635,5,3,31068,2135,'2024-11-06'),(636,1,2,132816,1394,'2019-05-18'),(637,3,12,47844,3702,'2023-04-28'),(638,1,4,190431,3742,'2023-09-12'),(639,5,9,195139,2643,'2024-11-20'),(640,5,15,37237,3128,'2021-03-28'),(641,4,7,77552,864,'2022-09-08'),(642,5,1,41574,400,'2021-04-12'),(643,1,2,136293,900,'2018-01-11'),(644,2,2,175853,2510,'2022-01-10'),(645,1,8,135785,2371,'2019-09-25'),(646,3,2,164706,2722,'2023-08-31'),(647,5,5,196960,289,'2018-03-07'),(648,2,14,83286,3428,'2020-11-20'),(649,4,5,181818,1599,'2024-11-09'),(650,4,8,143490,3484,'2022-07-06'),(651,3,9,121831,1282,'2024-04-09'),(652,5,16,22949,1996,'2021-01-24'),(653,2,8,50514,850,'2021-05-26'),(654,5,13,77970,1787,'2023-06-22'),(655,2,10,69031,1892,'2020-04-13'),(656,2,10,175425,3910,'2024-01-08'),(657,4,9,147529,3547,'2019-07-29'),(658,5,6,147086,1986,'2018-06-23'),(659,4,14,185996,3591,'2018-04-18'),(660,1,4,129198,3593,'2021-12-12'),(661,5,2,113411,3050,'2021-06-23'),(662,5,12,40355,3733,'2024-02-18'),(663,2,13,187433,834,'2019-08-21'),(664,4,4,29234,3860,'2022-11-12'),(665,3,11,140974,3968,'2022-03-18'),(666,1,7,85845,1146,'2019-06-14'),(667,4,7,48973,3184,'2023-11-07'),(668,2,10,6404,1106,'2023-04-28'),(669,1,1,48589,2835,'2020-08-01'),(670,3,6,164307,3526,'2024-02-07'),(671,4,14,48133,3438,'2023-09-22'),(672,3,11,119994,1708,'2024-06-16'),(673,3,14,20719,2178,'2018-12-28'),(674,4,7,115460,553,'2018-03-27'),(675,4,9,45668,3032,'2018-09-26'),(676,1,1,110853,448,'2019-02-08'),(677,2,14,90669,2554,'2022-03-02'),(678,5,7,161288,1259,'2022-12-11'),(679,4,5,113414,2812,'2021-08-20'),(680,2,10,84166,2049,'2021-04-25'),(681,1,11,147851,3904,'2021-02-18'),(682,5,11,104891,1438,'2021-04-02'),(683,4,11,133540,3138,'2023-07-17'),(684,5,4,140108,1347,'2020-06-22'),(685,2,13,51990,1776,'2021-06-30'),(686,3,5,101991,938,'2021-08-09'),(687,1,9,83431,1179,'2020-06-12'),(688,2,9,128317,3179,'2019-02-23'),(689,5,1,75723,2345,'2019-11-16'),(690,2,16,32717,3552,'2021-02-28'),(691,4,16,123165,854,'2018-03-27'),(692,5,5,66940,402,'2018-03-14'),(693,3,8,13638,2152,'2021-10-10'),(694,1,7,196564,2663,'2021-07-09'),(695,4,5,107965,2350,'2018-07-09'),(696,4,6,162315,728,'2019-10-30'),(697,4,10,84339,3830,'2023-04-10'),(698,4,7,17686,3664,'2023-09-04'),(699,4,3,185696,1048,'2021-04-10'),(700,3,9,81981,771,'2021-08-17'),(701,4,7,5289,2085,'2022-03-04'),(702,3,1,189111,874,'2018-04-17'),(703,4,2,21929,1650,'2021-03-18'),(704,5,1,32512,3002,'2022-12-09'),(705,1,7,125820,996,'2023-12-18'),(706,2,13,90093,801,'2022-12-22'),(707,4,7,96721,2154,'2018-09-02'),(708,2,1,37646,2386,'2023-12-31'),(709,4,3,155995,673,'2024-05-11'),(710,5,5,130576,3122,'2022-07-12'),(711,5,2,163197,1983,'2018-09-02'),(712,1,1,79066,1548,'2021-12-24'),(713,3,4,156713,1592,'2021-07-03'),(714,2,5,41806,3215,'2024-01-13'),(715,2,10,26804,1455,'2023-09-16'),(716,1,9,52597,879,'2021-03-31'),(717,4,4,47817,3703,'2019-11-08'),(718,5,6,176326,579,'2023-02-28'),(719,3,14,70137,2496,'2024-12-16'),(720,4,10,91733,2198,'2022-12-19'),(721,1,8,132734,1956,'2019-09-07'),(722,5,9,174824,2464,'2018-03-18'),(723,3,1,118003,2790,'2019-08-19'),(724,4,7,128670,602,'2022-08-18'),(725,2,13,98379,3653,'2018-03-11'),(726,2,6,10205,3349,'2023-03-02'),(727,5,7,13921,1727,'2019-04-26'),(728,4,13,175616,1793,'2020-02-06'),(729,1,6,63275,1057,'2023-04-05'),(730,3,15,118979,2821,'2018-06-28'),(731,3,6,83951,3630,'2018-03-19'),(732,2,6,140675,1554,'2018-08-24'),(733,5,5,45616,431,'2020-12-09'),(734,4,6,123144,2260,'2019-09-06'),(735,2,11,149138,2917,'2021-03-12'),(736,2,6,42894,3217,'2019-11-09'),(737,1,10,81027,2857,'2024-02-25'),(738,3,11,78710,3508,'2018-01-27'),(739,4,11,137694,3122,'2022-03-12'),(740,1,16,25213,1290,'2018-05-05'),(741,4,16,19978,835,'2022-05-16'),(742,1,12,67089,2440,'2019-06-06'),(743,4,2,69029,2731,'2023-02-12'),(744,1,13,111170,3110,'2024-04-23'),(745,3,16,7089,1759,'2023-05-15'),(746,1,1,98524,1384,'2023-08-08'),(747,2,5,9512,2299,'2019-01-08'),(748,1,7,103625,845,'2020-05-30'),(749,3,16,118064,1970,'2018-04-21'),(750,1,3,171766,2617,'2019-01-16'),(751,4,16,167320,2564,'2020-12-31'),(752,5,10,148022,232,'2020-03-10'),(753,1,7,140431,492,'2020-06-26'),(754,5,6,189796,3622,'2022-07-17'),(755,1,5,85964,2142,'2020-07-26'),(756,1,16,151948,3367,'2022-06-29'),(757,5,16,83126,1185,'2022-03-01'),(758,5,16,165257,1515,'2018-03-15'),(759,4,8,196931,3892,'2018-12-28'),(760,1,15,119485,795,'2018-03-14'),(761,2,3,183244,433,'2020-07-09'),(762,4,9,199007,1128,'2023-11-22'),(763,5,14,134657,372,'2023-02-27'),(764,4,12,25962,2289,'2024-07-24'),(765,5,2,112757,3551,'2024-11-24'),(766,1,13,52745,324,'2018-03-10'),(767,1,5,90152,3236,'2024-07-25'),(768,4,9,4360,1070,'2024-08-04'),(769,3,3,31688,384,'2019-10-27'),(770,2,2,95916,3883,'2020-05-25'),(771,5,8,35283,951,'2019-07-16'),(772,3,13,50651,2451,'2023-01-14'),(773,1,2,22862,3910,'2024-04-06'),(774,3,11,146410,3054,'2020-11-10'),(775,4,5,12534,3371,'2024-05-17'),(776,1,16,91008,723,'2023-10-02'),(777,4,3,25801,704,'2022-11-03'),(778,4,5,118126,2612,'2022-12-21'),(779,2,5,68821,797,'2019-03-03'),(780,2,6,68683,2546,'2019-05-17'),(781,2,13,104921,1762,'2022-08-20'),(782,3,7,92673,362,'2023-03-06'),(783,2,9,15836,3323,'2020-04-27'),(784,2,5,117460,2938,'2019-02-27'),(785,2,4,105547,1286,'2023-02-06'),(786,2,5,53020,675,'2023-10-07'),(787,1,2,130533,953,'2021-04-04'),(788,2,5,113508,2202,'2020-10-17'),(789,1,7,143575,1756,'2020-05-02'),(790,2,16,68536,770,'2019-06-11'),(791,3,10,27557,1746,'2022-12-01'),(792,1,15,81676,882,'2022-12-15'),(793,2,16,146834,2272,'2024-06-15'),(794,1,11,60149,1571,'2024-01-02'),(795,1,8,179767,1233,'2022-11-29'),(796,5,3,179934,2473,'2021-02-06'),(797,4,16,164974,3776,'2022-11-16'),(798,1,7,61365,3475,'2023-10-23'),(799,5,2,132536,325,'2024-09-28'),(800,3,1,183267,2856,'2024-05-11'),(801,2,11,47598,1559,'2023-10-31'),(802,3,7,142905,306,'2022-01-03'),(803,2,10,176436,1374,'2024-01-18'),(804,1,10,20462,1400,'2024-01-14'),(805,5,12,135521,2843,'2023-12-30'),(806,3,5,128292,3525,'2021-10-21'),(807,2,15,75840,3294,'2022-08-10'),(808,2,15,92762,3730,'2020-11-04'),(809,3,5,156089,759,'2024-04-23'),(810,2,4,76578,2090,'2018-06-05'),(811,1,9,53609,2871,'2018-06-25'),(812,1,14,152905,1541,'2020-05-30'),(813,1,3,52808,1256,'2020-01-07'),(814,2,3,61315,484,'2024-08-11'),(815,5,11,40625,3298,'2024-02-25'),(816,4,9,58952,3323,'2020-04-06'),(817,2,13,48122,1075,'2024-08-15'),(818,5,13,24413,264,'2021-06-09'),(819,1,1,145590,2269,'2020-10-27'),(820,3,4,22951,626,'2021-09-07'),(821,4,12,147482,3947,'2021-03-07'),(822,1,2,101156,2204,'2019-07-28'),(823,5,9,116080,2943,'2024-07-06'),(824,5,12,129165,1393,'2021-10-02'),(825,2,8,174184,2796,'2022-09-19'),(826,2,3,175393,1826,'2022-04-19'),(827,4,2,121070,697,'2022-08-24'),(828,3,5,67088,1564,'2022-04-08'),(829,3,8,190636,2616,'2020-04-26'),(830,1,9,93640,2206,'2019-05-27'),(831,1,12,177533,1801,'2020-11-02'),(832,5,6,186575,3533,'2023-04-30'),(833,5,4,20229,3746,'2018-05-09'),(834,4,10,99339,3553,'2020-12-17'),(835,5,6,52612,2141,'2021-08-13'),(836,4,7,141270,273,'2021-08-31'),(837,4,16,129157,545,'2024-11-17'),(838,1,10,91733,3916,'2022-04-26'),(839,1,15,90795,2705,'2025-01-09'),(840,2,3,68483,3391,'2018-09-04'),(841,3,10,65200,2634,'2023-08-29'),(842,4,7,156547,3306,'2021-01-31'),(843,1,7,163798,2187,'2018-06-22'),(844,5,2,33434,1286,'2021-11-20'),(845,4,6,41508,545,'2020-09-01'),(846,5,15,8236,472,'2019-06-28'),(847,1,11,134750,1637,'2021-03-13'),(848,2,3,101296,989,'2019-07-24'),(849,4,16,85396,3424,'2024-08-05'),(850,2,9,101954,969,'2019-11-26'),(851,2,3,22398,984,'2020-10-27'),(852,4,6,21397,936,'2023-02-01'),(853,2,7,14323,2104,'2019-06-23'),(854,4,9,94962,491,'2020-12-22'),(855,3,16,18169,1821,'2021-04-11'),(856,2,5,173035,313,'2020-03-15'),(857,5,6,95964,291,'2025-01-07'),(858,4,12,16178,2850,'2024-11-06'),(859,1,3,26525,2886,'2024-10-24'),(860,2,8,42198,1119,'2019-09-23'),(861,5,16,20801,2158,'2022-04-20'),(862,4,1,17126,3812,'2022-03-27'),(863,3,11,82201,3380,'2021-11-29'),(864,3,8,149964,1441,'2022-07-17'),(865,3,6,151851,1375,'2024-09-16'),(866,1,13,113172,2247,'2018-03-27'),(867,1,15,124372,2432,'2018-06-15'),(868,3,7,151955,1720,'2022-10-13'),(869,1,15,122585,3194,'2022-01-23'),(870,4,5,72135,2426,'2024-07-18'),(871,1,4,112956,305,'2024-06-04'),(872,5,11,55723,2435,'2018-03-29'),(873,2,2,82575,2454,'2022-02-12'),(874,4,6,182352,3781,'2022-11-19'),(875,4,9,163546,1019,'2023-12-27'),(876,4,5,119623,2064,'2018-01-20'),(877,2,5,47446,1618,'2020-09-29'),(878,5,2,53601,2117,'2023-07-08'),(879,4,1,8514,3394,'2018-08-14'),(880,5,12,107505,1398,'2018-06-10'),(881,1,16,150334,1679,'2022-02-22'),(882,3,1,75698,1868,'2024-12-09'),(883,4,2,58849,259,'2019-08-18'),(884,4,11,89009,508,'2021-08-12'),(885,2,7,40744,2103,'2018-04-25'),(886,2,10,151043,1976,'2021-04-20'),(887,1,16,23200,485,'2020-07-07'),(888,4,1,198191,3054,'2023-08-23'),(889,2,1,61735,2447,'2024-01-31'),(890,4,7,86536,1921,'2023-11-03'),(891,2,8,17372,2943,'2023-07-30'),(892,3,2,126366,3209,'2024-12-13'),(893,3,3,195046,1834,'2021-10-12'),(894,3,3,126372,1161,'2019-10-08'),(895,2,10,80528,2380,'2023-09-03'),(896,4,11,122758,1362,'2022-10-17'),(897,4,8,111377,1189,'2022-07-12'),(898,3,16,47366,1324,'2022-07-20'),(899,2,7,74962,3664,'2019-11-17'),(900,1,6,197778,2602,'2024-04-12'),(901,3,8,183029,3652,'2018-03-21'),(902,1,15,123224,3821,'2023-05-11'),(903,5,2,17690,466,'2024-08-29'),(904,5,11,159245,1625,'2023-10-12'),(905,2,13,64454,1389,'2024-04-22'),(906,2,11,101551,3485,'2024-01-26'),(907,3,16,186174,1608,'2018-06-26'),(908,4,7,10068,1621,'2018-05-31'),(909,5,9,146535,2354,'2020-08-14'),(910,3,7,140599,860,'2018-11-17'),(911,3,13,20037,1284,'2020-09-19'),(912,4,4,84273,3811,'2023-08-19'),(913,3,2,31514,1168,'2022-02-06'),(914,4,14,42244,1713,'2020-09-26'),(915,1,8,162702,1286,'2018-05-11'),(916,5,3,90660,744,'2020-09-24'),(917,1,9,46127,2047,'2019-05-21'),(918,4,3,12640,1673,'2021-04-17'),(919,5,4,32695,553,'2021-08-14'),(920,4,4,63665,3474,'2023-01-21'),(921,4,13,72619,1043,'2022-06-13'),(922,2,16,56858,2746,'2019-09-10'),(923,2,6,188434,1337,'2020-08-16'),(924,1,6,66238,1857,'2024-02-04'),(925,4,11,12027,1547,'2018-04-09'),(926,3,10,37407,558,'2018-03-19'),(927,1,6,103354,2062,'2019-02-12'),(928,2,3,69651,864,'2019-06-04'),(929,5,12,33490,1418,'2023-05-22'),(930,5,7,10126,3216,'2020-05-29'),(931,4,1,62541,1824,'2023-08-22'),(932,2,7,106489,462,'2018-01-29'),(933,5,11,64828,3579,'2018-08-20'),(934,2,11,196809,2158,'2018-01-09'),(935,1,15,135076,1599,'2022-02-22'),(936,4,2,184286,1063,'2019-03-24'),(937,3,11,195855,1302,'2019-12-12'),(938,2,4,9876,707,'2019-02-25'),(939,4,9,157178,3857,'2024-01-04'),(940,1,1,51139,1568,'2020-10-19'),(941,3,8,191591,2779,'2023-05-06'),(942,4,6,94063,960,'2021-08-12'),(943,4,8,13569,1615,'2023-10-29'),(944,1,16,60913,2574,'2021-08-14'),(945,1,3,18301,3359,'2021-08-13'),(946,1,15,77850,256,'2021-02-09'),(947,1,10,179374,2901,'2019-08-19'),(948,3,4,18256,686,'2019-11-11'),(949,2,4,8063,1606,'2022-01-18'),(950,4,16,79193,3107,'2019-02-23'),(951,5,3,178073,519,'2019-07-13'),(952,5,1,72527,2722,'2020-02-07'),(953,4,1,156676,2740,'2024-11-03'),(954,5,8,18918,3941,'2021-12-15'),(955,5,5,86510,2164,'2020-06-28'),(956,3,10,169965,3346,'2023-10-11'),(957,1,6,72493,857,'2018-12-08'),(958,5,11,166501,3840,'2022-06-30'),(959,4,8,153060,2089,'2024-01-16'),(960,2,5,155765,330,'2020-10-27'),(961,4,12,197054,3003,'2018-08-06'),(962,3,8,62287,2933,'2022-04-30'),(963,1,13,176140,3337,'2024-09-12'),(964,2,8,131588,2769,'2024-07-19'),(965,3,15,61844,963,'2023-09-28'),(966,5,10,31979,2930,'2018-06-20'),(967,4,13,134821,1427,'2023-12-09'),(968,4,13,54864,2763,'2025-01-06'),(969,1,11,190538,685,'2022-12-13'),(970,1,16,100095,1674,'2023-08-31'),(971,1,4,174795,2956,'2021-11-24'),(972,4,7,24115,3274,'2020-08-28'),(973,4,5,32132,2988,'2023-10-15'),(974,2,3,140073,3547,'2019-01-26'),(975,4,3,81748,1349,'2021-07-17'),(976,3,5,8632,2569,'2020-06-11'),(977,3,14,54160,1559,'2020-03-14'),(978,3,2,190061,2463,'2021-12-03'),(979,5,10,147309,3970,'2022-12-01'),(980,4,12,112578,231,'2019-10-25'),(981,2,15,119636,1504,'2024-03-13'),(982,3,9,164064,2284,'2020-03-29'),(983,3,6,65314,3444,'2024-05-12'),(984,2,11,104088,2838,'2018-01-18'),(985,5,4,14929,486,'2020-04-28'),(986,1,15,136878,1738,'2019-05-04'),(987,2,2,87601,2351,'2019-04-04'),(988,1,11,51725,1516,'2023-07-17'),(989,2,7,114294,1096,'2022-06-12'),(990,5,6,95807,2950,'2019-06-07'),(991,5,13,93875,1093,'2019-09-09'),(992,5,14,41969,1843,'2018-05-21'),(993,1,5,142567,328,'2019-05-04'),(994,2,2,91631,3134,'2019-04-18'),(995,5,8,36890,2969,'2018-12-24'),(996,3,4,196959,427,'2019-04-17'),(997,1,14,182793,1227,'2021-10-30'),(998,4,3,50935,3137,'2022-06-17'),(999,1,10,92466,719,'2018-03-20'),(1000,4,5,176540,2955,'2018-01-09'),(1001,2,4,1722,918,'2023-03-14'),(1002,3,14,1128,996,'2020-01-08'),(1003,4,13,1799,988,'2023-12-29'),(1004,4,9,1404,980,'2021-08-07'),(1005,3,12,1687,927,'2022-08-11'),(1006,5,14,1664,900,'2022-09-12'),(1007,2,9,1886,988,'2021-08-11'),(1008,5,1,1520,980,'2022-03-27'),(1009,1,4,1347,950,'2023-06-05'),(1010,1,7,1862,973,'2024-10-23'),(1011,5,13,1667,954,'2020-03-06'),(1012,3,15,1734,954,'2023-06-16'),(1013,2,15,1820,935,'2022-09-02'),(1014,2,1,1940,934,'2022-02-23'),(1015,3,8,1721,942,'2020-01-24'),(1016,4,14,1728,950,'2022-02-15'),(1017,4,11,1952,908,'2022-10-08'),(1018,3,6,1400,915,'2024-01-19'),(1019,4,14,1970,951,'2022-08-23'),(1020,3,8,1747,919,'2023-06-18'),(1021,3,9,1317,909,'2022-03-01'),(1022,2,6,1362,940,'2021-05-23'),(1023,2,13,1397,972,'2025-01-19'),(1024,4,10,1674,923,'2023-11-18'),(1025,2,12,1499,904,'2020-05-08'),(1026,4,6,1866,953,'2023-11-04'),(1027,2,9,1749,951,'2022-04-07'),(1028,1,8,1036,925,'2023-02-14'),(1029,1,4,1056,977,'2024-03-02'),(1030,1,9,1211,989,'2019-02-17'),(1031,4,11,1083,924,'2021-10-08'),(1032,1,5,1995,917,'2019-03-26'),(1033,4,4,1758,932,'2020-10-29'),(1034,2,15,1728,990,'2021-03-22'),(1035,3,16,1171,987,'2023-06-25'),(1036,2,11,1728,980,'2019-06-12'),(1037,3,14,1312,919,'2022-12-15'),(1038,1,2,1682,979,'2022-10-08'),(1039,1,9,1903,900,'2022-02-28'),(1040,5,15,1427,966,'2023-10-22'),(1041,5,1,1661,912,'2021-04-08'),(1042,1,2,1489,930,'2020-02-20'),(1043,2,9,1782,990,'2022-06-18'),(1044,4,10,1368,924,'2020-09-10'),(1045,4,16,1865,935,'2024-10-18'),(1046,3,9,1393,918,'2023-09-10'),(1047,2,1,1477,968,'2020-09-04'),(1048,2,4,1553,905,'2021-01-07'),(1049,3,15,1238,993,'2024-05-31'),(1050,2,10,1751,997,'2019-02-17'),(1051,2,5,1280,911,'2020-09-11'),(1052,1,1,1349,931,'2023-12-31'),(1053,1,16,1936,962,'2019-11-29'),(1054,1,4,1716,981,'2022-09-01'),(1055,2,2,1393,978,'2021-09-09'),(1056,1,8,1529,989,'2019-07-18'),(1057,2,7,1903,921,'2025-01-01'),(1058,1,5,1733,958,'2023-01-13'),(1059,5,3,1671,917,'2019-11-28'),(1060,4,13,1982,946,'2020-01-22'),(1061,5,3,1732,934,'2020-10-14'),(1062,2,8,1710,910,'2024-08-20'),(1063,2,12,1057,936,'2023-05-12'),(1064,2,6,1065,994,'2023-08-28'),(1065,1,10,1231,974,'2023-08-11'),(1066,3,2,1191,902,'2023-10-15'),(1067,2,12,1866,944,'2024-04-04'),(1068,3,9,1695,985,'2019-04-03'),(1069,3,16,1365,992,'2019-10-16'),(1070,3,6,1437,907,'2022-02-05'),(1071,5,9,1270,906,'2019-07-14'),(1072,5,1,1925,906,'2019-02-19'),(1073,1,16,1137,949,'2024-01-22'),(1074,2,8,1108,926,'2019-08-20'),(1075,3,2,1156,956,'2019-02-28'),(1076,5,11,1778,911,'2022-06-27'),(1077,5,3,1027,924,'2020-12-05'),(1078,3,8,1180,987,'2021-10-21'),(1079,5,6,1580,947,'2019-07-09'),(1080,5,16,1586,978,'2022-11-12'),(1081,4,10,1952,995,'2023-01-19'),(1082,1,10,1763,901,'2021-12-20'),(1083,5,16,1662,903,'2024-10-03'),(1084,5,3,1725,920,'2024-02-28'),(1085,1,9,1722,982,'2019-11-14'),(1086,3,15,1768,937,'2019-02-13'),(1087,2,14,1694,950,'2022-02-16'),(1088,4,5,1249,978,'2023-10-04'),(1089,2,10,1298,917,'2021-03-01'),(1090,2,6,1787,932,'2023-03-17'),(1091,1,2,1015,990,'2019-03-20'),(1092,3,11,1755,1000,'2022-10-01'),(1093,2,10,1303,935,'2025-01-16'),(1094,2,3,1858,917,'2019-09-05'),(1095,5,14,1859,920,'2019-08-29'),(1096,5,2,1263,914,'2024-05-15'),(1097,2,13,1948,914,'2019-03-28'),(1098,4,13,1670,974,'2024-05-03'),(1099,2,13,1625,963,'2024-06-06'),(1100,1,11,1670,990,'2020-10-23'),(1101,5,10,1326,907,'2021-01-09'),(1102,2,12,1318,993,'2022-11-11'),(1103,5,1,1347,993,'2023-12-22'),(1104,4,8,1567,998,'2023-10-04'),(1105,1,13,1378,973,'2019-02-13'),(1106,1,7,1736,976,'2019-11-25'),(1107,5,16,1100,949,'2024-06-22'),(1108,1,12,1345,975,'2024-09-12'),(1109,1,11,1951,901,'2022-06-18'),(1110,4,14,1887,952,'2021-07-23'),(1111,2,11,1247,907,'2020-04-04'),(1112,4,7,1104,924,'2023-01-30'),(1113,5,1,1806,974,'2021-03-20'),(1114,1,1,1533,905,'2024-02-17'),(1115,2,2,1894,970,'2022-08-21'),(1116,5,14,1862,931,'2023-04-08'),(1117,2,4,1941,960,'2021-05-22'),(1118,1,5,1143,988,'2022-07-10'),(1119,4,13,1752,945,'2024-07-16'),(1120,5,3,1402,973,'2022-03-11'),(1121,5,16,1809,972,'2024-03-25'),(1122,2,14,1930,934,'2019-08-01'),(1123,3,4,1741,937,'2019-03-28'),(1124,3,12,1070,927,'2024-01-15'),(1125,5,1,1210,925,'2020-02-08'),(1126,2,9,1786,956,'2019-02-02'),(1127,5,2,1824,956,'2024-11-05'),(1128,5,11,1054,997,'2019-01-09'),(1129,2,11,1329,946,'2022-01-21'),(1130,1,16,1875,999,'2024-06-16'),(1131,4,1,1829,911,'2019-05-04'),(1132,2,10,1330,998,'2019-04-30'),(1133,4,2,1010,963,'2023-07-21'),(1134,4,15,1932,922,'2024-06-01'),(1135,3,13,1077,915,'2024-09-29'),(1136,2,11,1855,937,'2020-09-18'),(1137,3,15,1115,929,'2023-02-20'),(1138,2,13,1439,934,'2020-09-26'),(1139,2,7,1682,961,'2020-05-24'),(1140,2,11,1110,915,'2021-08-26'),(1141,2,6,1798,989,'2023-12-27'),(1142,5,9,1103,908,'2021-02-22'),(1143,4,7,1435,949,'2020-01-24'),(1144,2,7,1033,997,'2020-10-09'),(1145,5,6,1896,975,'2023-04-02'),(1146,5,7,1701,985,'2022-12-10'),(1147,4,1,1501,973,'2024-03-25'),(1148,2,6,1431,944,'2023-10-25'),(1149,2,16,1541,970,'2020-06-17'),(1150,3,2,1157,958,'2019-01-26'),(1151,1,16,1007,971,'2022-04-10'),(1152,1,2,1953,976,'2019-05-07'),(1153,1,1,1722,948,'2022-11-18'),(1154,2,1,1132,987,'2019-03-19'),(1155,1,5,1281,915,'2020-04-15'),(1156,1,16,1492,911,'2019-08-01'),(1157,2,2,1752,972,'2022-06-26'),(1158,4,10,1258,991,'2019-04-18'),(1159,1,12,1594,952,'2021-01-30'),(1160,3,1,1339,989,'2024-12-25'),(1161,5,6,1692,915,'2019-04-20'),(1162,2,9,1527,985,'2023-12-03'),(1163,3,5,1992,959,'2021-03-12'),(1164,5,1,1061,902,'2019-08-12'),(1165,2,7,1144,958,'2022-05-24'),(1166,2,13,1249,931,'2025-01-23'),(1167,5,7,1809,986,'2020-05-23'),(1168,3,11,1255,934,'2021-01-02'),(1169,3,13,1094,953,'2024-04-21'),(1170,2,12,1580,900,'2021-03-22'),(1171,3,5,1717,966,'2019-09-22'),(1172,5,6,1224,993,'2019-12-12'),(1173,5,4,1270,994,'2022-03-27'),(1174,2,1,1804,984,'2019-11-29'),(1175,4,16,1590,931,'2022-02-07'),(1176,4,11,1075,927,'2021-05-12'),(1177,1,3,1949,929,'2021-06-03'),(1178,4,4,1718,905,'2023-10-21'),(1179,4,4,1569,932,'2024-04-02'),(1180,2,9,1679,962,'2024-10-16'),(1181,1,11,1099,987,'2023-03-06'),(1182,1,12,1306,926,'2020-01-29'),(1183,4,10,1582,977,'2021-10-03'),(1184,4,16,1135,936,'2024-10-25'),(1185,4,7,1798,917,'2019-10-15'),(1186,1,10,1070,976,'2019-12-08'),(1187,5,14,1639,927,'2021-02-11'),(1188,4,12,1941,955,'2021-09-18'),(1189,5,1,1976,965,'2022-05-19'),(1190,4,14,1684,963,'2021-05-05'),(1191,1,16,1755,953,'2022-09-25'),(1192,1,6,1586,952,'2021-08-20'),(1193,3,3,1189,920,'2020-03-16'),(1194,5,8,1537,972,'2023-11-06'),(1195,3,4,1215,925,'2020-01-10'),(1196,1,12,1691,913,'2020-08-11'),(1197,5,13,1196,998,'2023-04-23'),(1198,5,5,1274,965,'2022-10-04'),(1199,2,3,1059,998,'2020-10-28'),(1200,2,6,1021,979,'2022-10-11'),(1201,3,1,1973,918,'2019-12-06'),(1202,1,7,1893,961,'2023-11-14'),(1203,3,10,1987,971,'2024-05-10'),(1204,5,1,1926,962,'2019-11-13'),(1205,2,1,1523,910,'2019-09-16'),(1206,5,14,1748,900,'2021-08-28'),(1207,3,3,1258,976,'2023-02-12'),(1208,1,9,1426,916,'2022-04-07'),(1209,3,12,1219,916,'2022-07-27'),(1210,1,9,1577,966,'2024-08-11'),(1211,1,11,1961,938,'2020-05-05'),(1212,4,8,1435,947,'2019-06-25'),(1213,1,14,1063,926,'2019-06-01'),(1214,4,6,1917,999,'2024-02-14'),(1215,5,13,1230,974,'2020-03-30'),(1216,4,7,1792,907,'2020-08-18'),(1217,2,7,1832,939,'2021-05-18'),(1218,1,9,1650,929,'2024-11-27'),(1219,4,13,1017,975,'2022-01-15'),(1220,4,7,1349,976,'2022-09-27'),(1221,3,3,1030,970,'2020-04-01'),(1222,1,1,1916,911,'2024-05-07'),(1223,2,11,1210,953,'2022-05-22'),(1224,1,9,1783,975,'2023-05-01'),(1225,5,6,1661,902,'2024-11-16'),(1226,2,2,1798,968,'2024-08-03'),(1227,4,11,1002,948,'2024-11-02'),(1228,3,2,1244,944,'2023-08-09'),(1229,2,7,1895,971,'2023-11-27'),(1230,1,9,1650,965,'2023-12-02'),(1231,4,10,1880,990,'2024-07-06'),(1232,3,14,1069,980,'2024-04-25'),(1233,3,4,1058,944,'2023-08-03'),(1234,2,6,1526,918,'2024-11-17'),(1235,5,14,1123,952,'2022-02-09'),(1236,1,15,1575,904,'2023-04-24'),(1237,4,6,1594,922,'2020-02-07'),(1238,1,15,1095,950,'2022-06-05'),(1239,1,1,1173,952,'2024-09-22'),(1240,2,10,1480,932,'2021-11-17'),(1241,4,12,2000,975,'2022-11-10'),(1242,2,12,1012,993,'2023-02-12'),(1243,5,14,1241,991,'2021-10-21'),(1244,1,4,1299,905,'2025-01-22'),(1245,1,2,1532,933,'2023-05-12'),(1246,3,7,1436,993,'2021-04-03'),(1247,3,15,1302,923,'2023-04-11'),(1248,5,5,1665,966,'2021-06-25'),(1249,3,11,1870,946,'2020-02-11'),(1250,2,10,1979,977,'2022-08-15'),(1251,1,6,1182,971,'2020-08-16'),(1252,4,10,1864,964,'2020-03-18'),(1253,2,4,1389,965,'2020-04-16'),(1254,1,5,1118,901,'2023-09-05'),(1255,5,11,1937,966,'2024-11-12'),(1256,4,10,1329,951,'2019-07-16'),(1257,2,4,1315,902,'2024-12-16'),(1258,1,2,1712,950,'2022-11-16'),(1259,4,8,1590,982,'2024-12-13'),(1260,5,2,1539,958,'2019-08-15'),(1261,3,12,1918,959,'2020-07-25'),(1262,4,2,1284,944,'2024-12-02'),(1263,1,3,1192,924,'2020-05-07'),(1264,4,13,1259,907,'2021-03-02'),(1265,2,15,1357,979,'2019-10-07'),(1266,4,16,1761,900,'2019-12-20'),(1267,2,9,1552,998,'2025-02-04'),(1268,3,7,1284,969,'2022-01-29'),(1269,2,1,1136,918,'2022-10-01'),(1270,1,8,1796,983,'2019-12-10'),(1271,2,9,1820,905,'2024-11-22'),(1272,5,4,1579,975,'2022-11-13'),(1273,3,11,1530,903,'2022-11-10'),(1274,5,5,1787,939,'2021-06-27'),(1275,1,13,1886,922,'2024-09-01'),(1276,2,5,1921,902,'2024-09-27'),(1277,1,6,1321,989,'2020-09-09'),(1278,1,15,1495,963,'2021-07-18'),(1279,4,8,1279,901,'2022-01-03'),(1280,3,6,1570,933,'2023-10-03'),(1281,2,15,1845,926,'2021-03-08'),(1282,3,13,1243,937,'2019-09-05'),(1283,1,9,1271,912,'2023-04-30'),(1284,2,16,1236,970,'2019-01-14'),(1285,2,3,1471,949,'2020-05-27'),(1286,3,4,1367,920,'2023-09-29'),(1287,2,11,1803,962,'2024-04-03'),(1288,2,3,1004,972,'2024-12-08'),(1289,5,8,1741,950,'2022-11-05'),(1290,1,5,1128,953,'2024-07-03'),(1291,5,2,1042,937,'2020-11-21'),(1292,2,10,1027,924,'2021-08-16'),(1293,1,9,1838,917,'2023-06-26'),(1294,5,8,1279,929,'2020-04-27'),(1295,5,5,1134,930,'2021-07-01'),(1296,1,10,1180,956,'2020-11-21'),(1297,1,1,1763,967,'2023-10-06'),(1298,4,15,1215,921,'2022-08-07'),(1299,4,10,1940,967,'2022-10-23'),(1300,4,9,1023,907,'2022-09-28'),(1301,4,9,1681,989,'2021-07-25'),(1302,4,10,1453,936,'2020-11-16'),(1303,3,1,1959,991,'2024-10-05'),(1304,3,5,1896,948,'2022-06-29'),(1305,2,12,1447,976,'2024-01-03'),(1306,4,10,1983,905,'2022-12-12'),(1307,3,13,1427,911,'2023-05-30'),(1308,2,1,1280,992,'2020-12-30'),(1309,5,10,1066,984,'2019-09-03'),(1310,5,4,1106,986,'2019-12-04'),(1311,1,13,1968,964,'2024-10-29'),(1312,1,9,1480,980,'2022-01-01'),(1313,4,10,1568,918,'2020-01-23'),(1314,5,4,1499,941,'2024-10-06'),(1315,1,1,1518,945,'2023-12-16'),(1316,2,7,1276,958,'2023-07-31'),(1317,1,2,1101,948,'2020-09-03'),(1318,2,6,1916,945,'2021-05-23'),(1319,2,9,1230,909,'2021-03-21'),(1320,1,11,1449,990,'2024-06-13'),(1321,1,13,1800,972,'2024-01-06'),(1322,5,9,1388,979,'2019-09-08'),(1323,1,9,1546,960,'2022-02-13'),(1324,5,4,1935,990,'2019-02-16'),(1325,3,16,1155,924,'2021-09-20'),(1326,1,2,1472,937,'2021-07-14'),(1327,5,2,1445,911,'2023-05-28'),(1328,4,7,1494,939,'2020-11-21'),(1329,3,1,1628,936,'2024-06-02'),(1330,1,2,1231,994,'2022-05-23'),(1331,5,11,1362,964,'2022-04-09'),(1332,5,2,1796,915,'2024-10-29'),(1333,5,16,1469,980,'2023-04-30'),(1334,5,3,1172,922,'2022-11-30'),(1335,1,7,1918,998,'2023-03-08'),(1336,1,5,1979,939,'2024-08-17'),(1337,4,13,1505,978,'2023-02-22'),(1338,3,2,1584,981,'2020-07-28'),(1339,4,9,1115,972,'2021-10-19'),(1340,1,2,1685,962,'2024-08-09'),(1341,5,8,1089,921,'2022-07-09'),(1342,5,16,1324,903,'2023-08-19'),(1343,2,3,1320,936,'2019-04-29'),(1344,1,16,1391,993,'2021-10-26'),(1345,4,6,1877,978,'2024-09-01'),(1346,4,1,1898,964,'2022-02-16'),(1347,4,5,1361,961,'2019-01-22'),(1348,4,16,1375,905,'2022-02-24'),(1349,3,4,1646,926,'2025-01-04'),(1350,5,13,1622,954,'2022-12-25'),(1351,1,10,1613,918,'2023-05-03'),(1352,1,3,1393,963,'2019-07-25'),(1353,1,7,1464,971,'2019-12-22'),(1354,3,11,1751,974,'2019-02-15'),(1355,5,3,1765,977,'2021-02-20'),(1356,1,9,1715,944,'2024-11-26'),(1357,4,1,1944,913,'2021-06-30'),(1358,1,1,1887,960,'2024-10-04'),(1359,3,15,1831,985,'2020-07-24'),(1360,1,5,1677,977,'2019-01-20'),(1361,4,1,1157,977,'2024-04-07'),(1362,2,7,1106,905,'2020-02-10'),(1363,2,16,1367,910,'2022-12-27'),(1364,4,14,1791,929,'2022-08-24'),(1365,2,8,1928,936,'2019-03-21'),(1366,2,4,1246,949,'2021-04-08'),(1367,2,2,1038,995,'2019-07-10'),(1368,3,5,1719,959,'2022-01-09'),(1369,1,3,1552,970,'2023-03-01'),(1370,3,13,1353,901,'2022-11-17'),(1371,3,16,1960,970,'2022-07-25'),(1372,2,16,1681,918,'2022-06-20'),(1373,5,13,1200,939,'2021-10-08'),(1374,5,6,1872,962,'2021-06-29'),(1375,3,2,1193,1000,'2022-03-24'),(1376,3,3,1009,977,'2021-07-06'),(1377,3,14,1033,958,'2019-05-29'),(1378,4,15,1511,935,'2023-05-22'),(1379,1,6,1445,904,'2023-03-25'),(1380,3,1,1480,973,'2024-09-02'),(1381,2,12,1669,941,'2023-09-09'),(1382,5,14,1874,991,'2022-03-12'),(1383,2,9,1758,938,'2021-03-14'),(1384,5,6,1071,902,'2020-04-29'),(1385,4,3,1764,979,'2024-08-03'),(1386,5,8,1422,949,'2019-11-29'),(1387,3,15,1802,976,'2021-01-06'),(1388,2,1,1622,933,'2023-03-21'),(1389,2,9,1432,961,'2024-01-07'),(1390,5,2,1898,919,'2023-09-25'),(1391,3,15,1789,942,'2019-04-16'),(1392,3,10,1536,966,'2024-11-11'),(1393,2,4,1382,927,'2025-02-03'),(1394,5,6,1282,988,'2019-03-18'),(1395,4,16,1103,983,'2020-02-09'),(1396,3,15,1054,935,'2023-12-07'),(1397,4,11,1879,964,'2019-02-12'),(1398,4,15,1961,965,'2024-04-30'),(1399,4,4,1254,924,'2019-08-06'),(1400,4,2,1620,905,'2021-05-18'),(1401,1,2,1442,984,'2023-01-01'),(1402,2,6,1087,948,'2021-05-29'),(1403,1,12,1491,957,'2024-05-03'),(1404,1,10,1390,976,'2019-04-09'),(1405,4,6,1364,994,'2024-09-01'),(1406,2,8,1665,972,'2021-02-05'),(1407,5,11,1141,916,'2022-03-04'),(1408,2,1,1059,995,'2024-08-21'),(1409,1,8,1714,917,'2020-03-21'),(1410,2,2,1346,911,'2023-06-30'),(1411,4,1,1347,953,'2024-01-03'),(1412,1,14,1363,942,'2024-07-20'),(1413,4,13,1520,943,'2020-10-12'),(1414,5,16,1333,914,'2021-01-28'),(1415,4,3,1198,993,'2024-12-31'),(1416,2,12,1472,944,'2019-03-04'),(1417,3,10,1704,924,'2023-10-27'),(1418,4,5,1118,926,'2023-11-18'),(1419,1,9,1343,971,'2019-01-26'),(1420,3,2,1174,994,'2019-09-11'),(1421,1,3,1439,906,'2024-05-12'),(1422,3,9,1383,962,'2020-10-08'),(1423,4,7,1908,905,'2023-05-31'),(1424,3,6,1271,902,'2023-05-16'),(1425,2,8,1127,952,'2020-02-24'),(1426,1,3,1431,907,'2021-08-29'),(1427,4,12,1095,934,'2024-05-12'),(1428,1,8,1045,900,'2024-06-22'),(1429,4,3,1316,917,'2020-04-17'),(1430,5,10,1116,999,'2022-07-15'),(1431,5,11,1692,954,'2022-07-10'),(1432,2,12,1501,972,'2020-10-12'),(1433,3,3,1677,955,'2021-06-20'),(1434,4,11,1946,947,'2021-06-29'),(1435,4,9,1074,977,'2021-07-14'),(1436,4,1,1461,968,'2020-08-20'),(1437,5,3,1150,909,'2023-03-10'),(1438,1,6,1934,972,'2021-01-26'),(1439,5,2,1121,906,'2024-09-19'),(1440,2,4,1792,955,'2025-02-08'),(1441,1,13,1564,982,'2019-01-02'),(1442,4,8,1039,963,'2023-07-04'),(1443,3,3,1982,907,'2021-02-11'),(1444,4,15,1842,904,'2022-06-04'),(1445,5,14,1045,946,'2019-07-13'),(1446,1,2,1649,960,'2020-09-08'),(1447,1,1,1108,960,'2019-08-08'),(1448,2,12,1422,917,'2024-12-04'),(1449,3,9,1042,963,'2022-10-25'),(1450,4,13,1357,984,'2022-01-19'),(1451,2,12,1785,987,'2024-02-17'),(1452,2,12,1633,960,'2019-05-31'),(1453,1,2,1156,947,'2021-08-30'),(1454,3,3,1162,930,'2020-02-28'),(1455,2,3,1012,905,'2022-08-09'),(1456,4,2,1408,961,'2020-08-28'),(1457,5,7,1339,942,'2024-04-29'),(1458,2,5,1127,941,'2019-05-30'),(1459,1,6,1546,965,'2020-02-17'),(1460,4,1,1846,994,'2023-11-19'),(1461,2,5,1586,933,'2024-10-24'),(1462,3,1,1465,969,'2019-08-01'),(1463,2,16,1597,999,'2022-06-25'),(1464,1,3,1703,994,'2023-09-30'),(1465,1,11,1829,953,'2020-02-04'),(1466,4,5,1438,946,'2024-11-01'),(1467,1,8,1429,953,'2024-01-05'),(1468,1,2,1672,965,'2021-02-14'),(1469,1,3,1291,900,'2021-06-23'),(1470,5,5,1621,937,'2021-06-23'),(1471,5,9,1903,990,'2022-11-23'),(1472,5,7,1400,945,'2021-08-28'),(1473,5,3,1175,948,'2019-11-17'),(1474,5,4,1136,973,'2021-06-10'),(1475,1,3,1802,918,'2023-01-18'),(1476,5,14,1709,957,'2021-01-11'),(1477,5,7,1967,935,'2021-02-12'),(1478,1,1,1288,957,'2025-02-08'),(1479,3,12,1382,936,'2024-09-14'),(1480,5,13,1386,928,'2023-01-02'),(1481,4,15,1849,945,'2022-01-15'),(1482,1,1,1765,903,'2023-05-07'),(1483,4,13,1699,924,'2022-07-16'),(1484,2,2,1436,900,'2024-04-28'),(1485,4,1,1818,913,'2023-04-11'),(1486,5,11,1130,976,'2019-03-24'),(1487,4,4,1912,992,'2020-10-07'),(1488,3,2,1323,992,'2022-08-20'),(1489,1,13,1495,930,'2019-03-30'),(1490,3,10,1234,983,'2023-11-22'),(1491,5,3,1312,920,'2022-08-21'),(1492,5,10,1642,946,'2023-10-29'),(1493,1,10,1519,988,'2020-03-19'),(1494,3,2,1752,993,'2023-02-20'),(1495,1,4,1282,905,'2021-05-12'),(1496,3,14,1666,928,'2021-01-25'),(1497,5,16,1466,950,'2021-07-25'),(1498,1,6,1449,991,'2023-04-07'),(1499,2,16,1041,932,'2023-11-26'),(1500,4,1,1537,945,'2022-09-07'),(1501,1,10,1420,953,'2019-08-20'),(1502,3,3,1073,916,'2022-03-02'),(1503,1,15,1866,950,'2020-04-15'),(1504,5,11,1158,948,'2022-05-19'),(1505,4,1,1815,952,'2022-02-15'),(1506,5,5,1204,919,'2020-05-27'),(1507,3,8,2000,928,'2020-09-29'),(1508,2,3,1130,988,'2025-01-07'),(1509,1,13,1247,957,'2019-11-25'),(1510,4,2,1476,957,'2020-07-17'),(1511,2,14,1792,907,'2023-12-25'),(1512,3,15,1596,972,'2019-09-04'),(1513,2,3,1755,929,'2020-12-14'),(1514,1,9,1658,966,'2020-03-21'),(1515,2,5,1610,932,'2021-10-26'),(1516,5,14,1789,925,'2022-08-26'),(1517,1,16,1019,930,'2019-11-05'),(1518,4,4,1112,939,'2022-04-02'),(1519,1,6,1179,912,'2024-12-31'),(1520,4,12,1798,908,'2020-05-24'),(1521,5,9,1440,977,'2023-06-17'),(1522,3,2,1972,979,'2020-09-12'),(1523,5,7,1319,957,'2023-05-22'),(1524,5,1,1779,974,'2021-08-21'),(1525,2,13,1104,913,'2020-11-21'),(1526,2,12,1301,995,'2019-03-04'),(1527,1,15,1366,921,'2024-10-23'),(1528,3,9,1677,910,'2021-01-24'),(1529,1,13,1965,987,'2023-12-04'),(1530,1,1,1630,955,'2022-05-16'),(1531,3,15,1910,953,'2019-04-20'),(1532,1,4,1216,931,'2019-07-19'),(1533,4,1,1578,945,'2020-08-19'),(1534,5,12,1824,921,'2021-11-03'),(1535,2,9,1472,988,'2024-10-16'),(1536,5,13,1191,932,'2021-05-02'),(1537,5,4,1544,994,'2022-10-23'),(1538,3,3,1991,960,'2019-04-10'),(1539,3,1,1836,1000,'2022-07-03'),(1540,5,11,1800,987,'2020-11-23'),(1541,3,12,1200,968,'2019-07-13'),(1542,3,15,1413,983,'2022-02-17'),(1543,2,2,1827,981,'2023-10-27'),(1544,5,16,1099,986,'2022-01-26'),(1545,4,12,1461,996,'2021-08-05'),(1546,4,7,1637,965,'2020-03-06'),(1547,3,9,1858,990,'2020-07-06'),(1548,2,4,1079,948,'2022-11-01'),(1549,1,16,1667,915,'2022-08-25'),(1550,4,11,1815,960,'2021-01-06'),(1551,1,1,1551,989,'2021-12-10'),(1552,5,7,1159,926,'2023-10-21'),(1553,2,1,1518,998,'2020-04-18'),(1554,4,11,1116,931,'2022-06-11'),(1555,4,15,1011,984,'2023-09-20'),(1556,4,13,1704,935,'2020-10-12'),(1557,1,12,1238,937,'2023-05-23'),(1558,4,2,1000,957,'2020-06-10'),(1559,4,13,1203,941,'2023-09-12'),(1560,1,8,1279,1000,'2021-06-08'),(1561,2,7,1823,968,'2019-10-06'),(1562,5,2,1615,985,'2019-07-24'),(1563,4,3,1200,958,'2020-12-11'),(1564,1,2,1872,903,'2024-10-04'),(1565,3,7,1266,990,'2023-11-07'),(1566,4,1,1897,999,'2020-11-11'),(1567,5,8,1053,981,'2023-11-19'),(1568,3,2,1899,951,'2020-06-03'),(1569,2,9,1250,926,'2023-09-25'),(1570,1,13,1906,972,'2019-02-13'),(1571,1,1,1405,925,'2023-08-08'),(1572,5,15,1366,988,'2022-01-21'),(1573,4,1,1735,997,'2024-08-08'),(1574,3,13,1737,953,'2021-10-23'),(1575,3,6,1365,994,'2020-09-30'),(1576,2,7,1195,924,'2020-09-16'),(1577,5,11,1007,953,'2021-04-11'),(1578,2,5,1463,955,'2022-09-07'),(1579,3,14,1281,909,'2023-04-11'),(1580,5,14,1171,928,'2022-01-30'),(1581,1,4,1905,957,'2025-01-23'),(1582,5,6,1713,982,'2020-05-05'),(1583,3,10,1806,994,'2024-03-10'),(1584,1,2,1910,908,'2022-01-18'),(1585,1,14,1670,998,'2019-04-30'),(1586,2,2,1078,929,'2020-07-09'),(1587,2,12,1325,936,'2024-01-14'),(1588,3,13,1671,952,'2019-01-14'),(1589,3,6,1787,924,'2021-12-08'),(1590,2,16,1810,948,'2024-06-07'),(1591,2,9,1031,973,'2019-11-19'),(1592,3,7,1868,930,'2024-06-27'),(1593,4,4,1737,903,'2021-05-07'),(1594,1,6,1696,923,'2022-04-12'),(1595,5,13,1338,936,'2021-08-20'),(1596,4,3,1443,935,'2022-08-11'),(1597,4,15,1670,988,'2020-05-27'),(1598,2,9,1705,968,'2022-02-02'),(1599,1,3,1164,936,'2020-06-13'),(1600,1,10,1032,974,'2020-07-17'),(1601,5,1,1059,969,'2024-03-20'),(1602,5,6,1381,910,'2019-07-16'),(1603,5,14,1606,999,'2024-03-15'),(1604,5,11,1510,997,'2019-10-02'),(1605,3,5,1253,933,'2019-07-22'),(1606,3,1,1667,937,'2023-05-17'),(1607,5,10,1164,938,'2019-06-01'),(1608,2,8,1986,924,'2024-09-01'),(1609,4,9,1557,963,'2022-07-16'),(1610,2,12,1597,932,'2024-09-22'),(1611,2,5,1663,942,'2020-07-02'),(1612,2,11,1014,972,'2020-01-03'),(1613,2,9,1208,974,'2020-08-08'),(1614,1,5,1929,996,'2023-04-17'),(1615,1,5,1115,910,'2021-05-16'),(1616,1,5,1794,906,'2019-11-05'),(1617,2,16,1780,915,'2024-06-21'),(1618,1,9,1102,968,'2021-05-12'),(1619,2,11,1438,939,'2023-03-12'),(1620,4,7,1848,933,'2022-02-04'),(1621,5,12,1645,931,'2021-08-27'),(1622,2,12,1313,971,'2023-02-02'),(1623,4,9,1828,952,'2023-06-01'),(1624,1,9,1287,936,'2022-04-17'),(1625,4,15,1924,919,'2021-02-03'),(1626,1,14,1871,983,'2021-12-31'),(1627,2,5,1608,951,'2019-03-01'),(1628,5,14,1901,938,'2023-05-30'),(1629,4,7,1721,920,'2022-09-27'),(1630,3,14,1087,919,'2019-11-05'),(1631,3,8,1042,939,'2021-01-03'),(1632,2,10,1819,906,'2020-02-28'),(1633,1,11,1863,907,'2019-10-07'),(1634,2,10,1477,983,'2022-08-08'),(1635,2,5,1949,983,'2019-08-22'),(1636,4,2,1218,933,'2019-04-11'),(1637,1,15,1711,982,'2023-11-25'),(1638,4,16,1932,978,'2024-07-29'),(1639,1,8,1369,978,'2022-12-06'),(1640,1,6,1186,977,'2025-02-06'),(1641,4,14,1256,953,'2023-07-12'),(1642,2,8,1702,971,'2023-10-08'),(1643,5,14,1228,920,'2020-01-15'),(1644,5,8,1237,933,'2022-05-31'),(1645,3,10,1369,979,'2021-05-02'),(1646,2,7,1320,940,'2023-07-21'),(1647,5,2,1849,942,'2020-07-11'),(1648,2,6,1452,942,'2020-11-21'),(1649,1,2,1747,973,'2019-04-16'),(1650,4,4,1010,985,'2023-07-13'),(1651,4,5,1718,993,'2024-08-03'),(1652,5,16,1180,919,'2024-03-21'),(1653,3,1,1965,989,'2024-11-18'),(1654,1,4,1313,967,'2022-08-08'),(1655,2,7,1969,901,'2024-11-07'),(1656,4,13,1766,902,'2020-01-13'),(1657,1,1,1187,987,'2024-02-24'),(1658,2,16,1449,956,'2025-01-21'),(1659,1,9,1237,908,'2019-09-12'),(1660,3,6,1535,998,'2021-04-30'),(1661,2,8,1663,990,'2020-10-22'),(1662,2,10,1317,987,'2024-01-07'),(1663,2,11,1683,951,'2023-01-04'),(1664,2,15,1667,998,'2020-12-11'),(1665,2,13,1744,936,'2020-02-20'),(1666,1,6,1403,923,'2019-04-18'),(1667,4,11,1538,980,'2020-08-10'),(1668,1,9,1873,947,'2021-04-23'),(1669,4,14,1662,990,'2023-01-03'),(1670,1,11,1361,963,'2021-08-06'),(1671,4,15,1295,964,'2021-04-27'),(1672,2,15,1643,920,'2022-06-20'),(1673,2,15,1894,965,'2019-09-15'),(1674,1,9,1602,984,'2020-02-22'),(1675,1,9,1778,954,'2022-10-05'),(1676,2,15,1481,904,'2022-11-04'),(1677,1,16,1268,905,'2022-09-18'),(1678,1,12,1227,962,'2023-03-19'),(1679,3,16,1816,971,'2021-08-09'),(1680,5,10,1320,944,'2019-10-31'),(1681,1,7,1325,962,'2022-05-27'),(1682,3,2,1554,944,'2019-11-09'),(1683,5,11,1494,915,'2019-03-26'),(1684,4,16,1862,931,'2019-01-09'),(1685,3,12,1582,913,'2022-04-01'),(1686,3,12,1311,948,'2020-08-12'),(1687,5,5,1465,945,'2021-04-22'),(1688,3,11,1219,907,'2024-08-16'),(1689,5,7,1120,902,'2023-07-16'),(1690,1,12,1427,954,'2019-10-17'),(1691,5,9,1456,985,'2019-08-30'),(1692,3,11,1145,911,'2019-02-23'),(1693,3,9,1168,952,'2020-04-17'),(1694,4,2,1334,947,'2024-08-27'),(1695,3,3,1919,998,'2023-08-20'),(1696,1,1,1068,965,'2023-12-29'),(1697,5,11,1529,907,'2021-07-14'),(1698,4,13,1199,957,'2020-11-16'),(1699,3,3,1209,912,'2021-05-04'),(1700,4,16,1371,932,'2022-01-25'),(1701,3,7,1274,936,'2024-09-01'),(1702,1,7,1653,957,'2022-02-15'),(1703,5,3,1798,935,'2024-01-28'),(1704,3,8,1362,953,'2022-01-13'),(1705,4,4,1796,923,'2020-08-29'),(1706,1,14,1180,907,'2021-07-28'),(1707,2,16,1362,939,'2019-05-06'),(1708,5,12,1756,971,'2021-09-21'),(1709,3,13,1819,915,'2020-05-07'),(1710,5,9,1778,907,'2020-01-15'),(1711,3,9,1599,982,'2022-08-30'),(1712,2,11,1571,920,'2024-02-04'),(1713,3,15,1723,1000,'2019-10-17'),(1714,1,9,1076,903,'2024-02-03'),(1715,3,2,1092,960,'2023-07-30'),(1716,5,4,1304,982,'2024-03-27'),(1717,3,2,1543,955,'2021-09-30'),(1718,2,15,1971,996,'2022-04-11'),(1719,4,2,1853,920,'2019-06-10'),(1720,1,4,1686,909,'2019-03-31'),(1721,3,9,1538,973,'2023-01-25'),(1722,3,11,1382,928,'2020-03-14'),(1723,5,12,1241,967,'2024-05-26'),(1724,2,7,1781,997,'2023-03-05'),(1725,4,14,1884,993,'2019-04-06'),(1726,5,2,1227,944,'2020-10-05'),(1727,5,4,1460,941,'2020-11-20'),(1728,2,14,1429,970,'2024-10-13'),(1729,3,13,1138,958,'2021-06-08'),(1730,3,14,1259,900,'2021-09-27'),(1731,1,13,1927,964,'2022-02-11'),(1732,4,1,1837,976,'2023-12-28'),(1733,5,7,1548,929,'2024-08-22'),(1734,1,4,1267,989,'2023-10-08'),(1735,2,11,1416,981,'2020-09-16'),(1736,3,6,1813,975,'2021-06-22'),(1737,4,9,1214,982,'2023-01-24'),(1738,2,7,1209,915,'2022-11-17'),(1739,4,9,1019,917,'2022-09-11'),(1740,5,10,1993,968,'2023-07-30'),(1741,3,10,1406,944,'2022-10-04'),(1742,4,7,1394,967,'2019-10-06'),(1743,3,7,1979,948,'2022-04-25'),(1744,2,3,1297,926,'2019-02-09'),(1745,2,6,1721,988,'2021-06-13'),(1746,3,16,1992,909,'2023-05-27'),(1747,2,6,1462,911,'2024-09-11'),(1748,2,11,1726,900,'2023-05-03'),(1749,5,3,1782,913,'2019-03-12'),(1750,1,13,1663,932,'2021-06-01'),(1751,5,4,1524,907,'2024-11-19'),(1752,4,12,1137,911,'2019-05-22'),(1753,5,7,1915,983,'2024-06-01'),(1754,3,4,1789,903,'2019-02-08'),(1755,2,3,1483,927,'2021-05-20'),(1756,3,2,1057,918,'2020-08-08'),(1757,4,15,1276,994,'2023-06-08'),(1758,1,1,1841,927,'2023-02-14'),(1759,5,8,1030,913,'2023-08-25'),(1760,2,14,1587,927,'2023-12-18'),(1761,1,15,1854,959,'2022-12-04'),(1762,3,15,1426,967,'2020-09-30'),(1763,4,10,1027,913,'2022-10-21'),(1764,4,5,1484,906,'2022-09-24'),(1765,5,8,1912,990,'2021-04-16'),(1766,3,9,1718,903,'2024-07-14'),(1767,4,2,1579,985,'2023-12-22'),(1768,2,8,1117,900,'2022-03-17'),(1769,5,16,1050,929,'2022-01-11'),(1770,4,16,1500,906,'2024-03-02'),(1771,1,6,1952,957,'2023-12-02'),(1772,5,3,1642,998,'2023-02-25'),(1773,1,10,1246,937,'2022-11-04'),(1774,5,7,1833,984,'2021-10-07'),(1775,1,8,1486,938,'2020-07-07'),(1776,4,1,1461,928,'2021-01-29'),(1777,2,14,1134,970,'2019-11-14'),(1778,5,12,1876,942,'2019-05-30'),(1779,1,2,1863,906,'2023-06-27'),(1780,3,10,1788,943,'2021-11-27'),(1781,1,14,1382,966,'2021-02-23'),(1782,5,6,1338,917,'2020-02-17'),(1783,3,3,1369,997,'2024-01-25'),(1784,1,10,1114,996,'2021-02-22'),(1785,2,3,1102,922,'2025-01-24'),(1786,3,5,1659,990,'2021-04-22'),(1787,3,4,1820,978,'2021-08-11'),(1788,2,13,1157,912,'2019-10-17'),(1789,4,12,1527,969,'2019-01-03'),(1790,1,13,1733,959,'2024-05-05'),(1791,5,7,1278,962,'2022-06-15'),(1792,3,11,1156,945,'2020-08-22'),(1793,3,1,1795,954,'2020-02-03'),(1794,2,4,1476,993,'2020-03-16'),(1795,5,14,1179,917,'2021-11-13'),(1796,3,16,1166,1000,'2023-04-06'),(1797,5,9,1185,966,'2022-04-29'),(1798,5,4,1208,927,'2022-08-24'),(1799,4,10,1006,980,'2022-11-18');
/*!40000 ALTER TABLE `disease_cases` ENABLE KEYS */;
UNLOCK TABLES;

--
-- Table structure for table `diseases`
--

DROP TABLE IF EXISTS `diseases`;
/*!40101 SET @saved_cs_client     = @@character_set_client */;
/*!50503 SET character_set_client = utf8mb4 */;
CREATE TABLE `diseases` (
  `ID` int NOT NULL AUTO_INCREMENT,
  `name` varchar(100) NOT NULL,
  `description` longtext,
  `discovery_date` date DEFAULT NULL,
  PRIMARY KEY (`ID`)
) ENGINE=InnoDB AUTO_INCREMENT=6 DEFAULT CHARSET=utf8mb4 COLLATE=utf8mb4_0900_ai_ci;
/*!40101 SET character_set_client = @saved_cs_client */;

--
-- Dumping data for table `diseases`
--

LOCK TABLES `diseases` WRITE;
/*!40000 ALTER TABLE `diseases` DISABLE KEYS */;
INSERT INTO `diseases` VALUES (1,'Influenza A','A subtype of influenza virus that can cause seasonal flu epidemics and is known for its ability to mutate rapidly, making it a challenge for vaccine development.','1933-02-01'),(2,'Influenza B','Another subtype of influenza virus that primarily infects humans and causes seasonal outbreaks, typically less severe than influenza A.','1940-02-01'),(3,'HIV','The virus that causes AIDS by attacking the immune system, specifically targeting CD4 cells (T cells), which weakens the bodys ability to fight infections and diseases. It is transmitted through blood, sexual contact, and from mother to child during childbirth or breastfeeding.','1983-05-20'),(4,'COVID-19','A respiratory illness caused by the SARS-CoV-2 virus, characterized by symptoms ranging from mild cold-like effects to severe pneumonia, acute respiratory distress, and even death. It led to a global pandemic starting in 2019.','2019-12-01'),(5,'Ebola','A severe viral disease causing hemorrhagic fever, often fatal, characterized by severe bleeding, organ failure, and shock. It is transmitted through contact with bodily fluids of infected animals or humans.','1976-09-01');
/*!40000 ALTER TABLE `diseases` ENABLE KEYS */;
UNLOCK TABLES;

--
-- Table structure for table `reports`
--

DROP TABLE IF EXISTS `reports`;
/*!40101 SET @saved_cs_client     = @@character_set_client */;
/*!50503 SET character_set_client = utf8mb4 */;
CREATE TABLE `reports` (
  `ID` int NOT NULL AUTO_INCREMENT,
  `user_id` int DEFAULT NULL,
  `disease_id` int DEFAULT NULL,
  `country_id` int DEFAULT NULL,
  `comments` longtext,
  `report_date` datetime NOT NULL,
  PRIMARY KEY (`ID`),
  KEY `report_disease_FK_idx` (`disease_id`),
  KEY `report_country_FK_idx` (`country_id`),
  KEY `report_user_FK_idx` (`user_id`),
  CONSTRAINT `report_country_FK` FOREIGN KEY (`country_id`) REFERENCES `countries` (`ID`) ON DELETE RESTRICT ON UPDATE CASCADE,
  CONSTRAINT `report_disease_FK` FOREIGN KEY (`disease_id`) REFERENCES `diseases` (`ID`),
  CONSTRAINT `report_user_FK` FOREIGN KEY (`user_id`) REFERENCES `users` (`ID`) ON DELETE RESTRICT ON UPDATE CASCADE
) ENGINE=InnoDB AUTO_INCREMENT=41 DEFAULT CHARSET=utf8mb4 COLLATE=utf8mb4_0900_ai_ci;
/*!40101 SET character_set_client = @saved_cs_client */;

--
-- Dumping data for table `reports`
--

LOCK TABLES `reports` WRITE;
/*!40000 ALTER TABLE `reports` DISABLE KEYS */;
INSERT INTO `reports` VALUES (1,1,1,1,'Reported mild symptoms such as fever, headache, and occasional fatigue. Patient advised to rest and hydrate.','2018-01-01 00:00:00'),(2,2,2,3,'Suspected case in a hospital after patient exhibited severe respiratory distress and high fever.','2018-03-15 00:00:00'),(3,1,3,5,'Confirmed outbreak in the region, with several individuals testing positive for the disease. Public health advisory issued.','2018-06-10 00:00:00'),(4,2,4,7,'Patient is in critical condition with symptoms including high fever, vomiting, and internal bleeding. Immediate isolation implemented.','2019-01-20 00:00:00'),(5,1,5,9,'Symptoms match the disease description, including persistent cough and difficulty breathing. Contact tracing initiated.','2019-05-05 00:00:00'),(6,2,1,11,'Nearby residents have reported similar cases with mild to moderate symptoms. Community health clinic notified.','2019-09-12 00:00:00'),(7,1,2,13,'Monitoring for potential spread after a cluster of cases appeared in a densely populated area.','2020-02-18 00:00:00'),(8,2,3,15,'Initial tests confirm the diagnosis. Health workers deployed to assess the situation and distribute protective equipment.','2020-07-22 00:00:00'),(9,1,4,2,'Suspected exposure in a public area following a large gathering. Symptoms include fatigue and mild fever.','2020-11-30 00:00:00'),(10,2,5,4,'Need additional resources for containment as cases surge in rural areas. Quarantine measures in effect.','2021-04-10 00:00:00'),(11,1,1,6,'Reported symptoms include severe cough, high fever, and loss of appetite. Testing underway.','2021-08-15 00:00:00'),(12,2,2,8,'Patient recovering under medical supervision after initial symptoms of severe headache and joint pain.','2022-01-05 00:00:00'),(13,1,3,10,'Potential case identified through contact tracing of individuals returning from affected regions.','2022-05-12 00:00:00'),(14,2,4,12,'Regional health authorities notified following reports of rapid symptom progression in multiple patients.','2022-10-20 00:00:00'),(15,1,5,14,'Cluster of cases reported in a small village, with symptoms ranging from mild fever to severe respiratory distress.','2023-03-25 00:00:00'),(16,2,1,16,'Public awareness campaign initiated to educate residents on preventive measures and symptoms.','2023-07-19 00:00:00'),(17,1,2,1,'Multiple cases reported within a short timeframe. Health teams deployed for investigation.','2023-11-11 00:00:00'),(18,2,3,3,'Symptoms consistent with recent outbreaks, including fatigue, high fever, and muscle pain.','2024-04-03 00:00:00'),(19,1,4,5,'Health workers are investigating the situation after several reports of critical cases in the area.','2024-09-08 00:00:00'),(20,2,5,7,'No fatalities reported so far, but several individuals remain under observation in isolation wards.','2025-01-20 00:00:00'),(21,1,1,2,'Localized outbreak detected with symptoms of fever and persistent cough. Testing kits distributed.','2018-04-01 00:00:00'),(22,2,2,4,'Patient reported exposure to a confirmed case. Symptoms include mild fever and fatigue.','2018-08-15 00:00:00'),(23,1,3,6,'Healthcare workers confirmed cases in the area. Public health measures escalated.','2019-02-10 00:00:00'),(24,2,4,8,'Severe symptoms including high fever, vomiting, and organ failure reported in two patients.','2019-06-20 00:00:00'),(25,1,5,10,'Symptoms consistent with disease spread from recent travelers. Quarantine initiated.','2019-12-05 00:00:00'),(26,2,1,12,'Nearby community reported multiple cases with mild symptoms. Vaccination drive organized.','2020-03-12 00:00:00'),(27,1,2,14,'Monitoring suspected spread in a school environment. Symptoms include fever and fatigue.','2020-10-18 00:00:00'),(28,2,3,16,'Confirmed case in a healthcare worker. Immediate isolation and contact tracing performed.','2021-01-22 00:00:00'),(29,1,4,3,'Cluster of cases emerged after a large community event. Symptoms progressing rapidly.','2021-06-30 00:00:00'),(30,2,5,5,'Critical cases reported among elderly individuals. Support teams deployed.','2021-11-15 00:00:00'),(31,1,1,7,'Patient presenting mild respiratory symptoms. Testing to confirm diagnosis.','2022-03-10 00:00:00'),(32,2,2,9,'Multiple reports from the region indicate potential outbreak. Investigative team sent.','2022-07-14 00:00:00'),(33,1,3,11,'Health ministry alerted to sudden increase in reported cases. Awareness campaign started.','2022-12-25 00:00:00'),(34,2,4,13,'Rapid response initiated after severe cases detected. Field hospitals set up.','2023-02-18 00:00:00'),(35,1,5,15,'Symptoms in patients vary widely, from mild fever to severe dehydration.','2023-06-30 00:00:00'),(36,2,1,1,'Initial tests indicate disease presence in remote areas. Community outreach underway.','2023-10-05 00:00:00'),(37,1,2,3,'Healthcare professionals tracking spread through urban centers. Resources allocated.','2024-02-22 00:00:00'),(38,2,3,5,'No new cases reported in the past week. Situation under control.','2024-08-10 00:00:00'),(39,1,4,7,'Reported symptoms include high fever, fatigue, and severe joint pain. Medical teams active.','2024-12-01 00:00:00'),(40,2,5,9,'Localized outbreak managed effectively. No further cases expected.','2025-01-15 00:00:00');
/*!40000 ALTER TABLE `reports` ENABLE KEYS */;
UNLOCK TABLES;

--
-- Table structure for table `roles`
--

DROP TABLE IF EXISTS `roles`;
/*!40101 SET @saved_cs_client     = @@character_set_client */;
/*!50503 SET character_set_client = utf8mb4 */;
CREATE TABLE `roles` (
  `ID` int NOT NULL AUTO_INCREMENT,
  `name` varchar(45) NOT NULL,
  PRIMARY KEY (`ID`)
) ENGINE=InnoDB AUTO_INCREMENT=4 DEFAULT CHARSET=utf8mb4 COLLATE=utf8mb4_0900_ai_ci;
/*!40101 SET character_set_client = @saved_cs_client */;

--
-- Dumping data for table `roles`
--

LOCK TABLES `roles` WRITE;
/*!40000 ALTER TABLE `roles` DISABLE KEYS */;
INSERT INTO `roles` VALUES (1,'Administrator'),(2,'Analyst'),(3,'User');
/*!40000 ALTER TABLE `roles` ENABLE KEYS */;
UNLOCK TABLES;

--
-- Table structure for table `users`
--

DROP TABLE IF EXISTS `users`;
/*!40101 SET @saved_cs_client     = @@character_set_client */;
/*!50503 SET character_set_client = utf8mb4 */;
CREATE TABLE `users` (
  `ID` int NOT NULL AUTO_INCREMENT,
  `username` varchar(100) NOT NULL,
  `password` varchar(100) NOT NULL,
  `role_id` int NOT NULL,
  PRIMARY KEY (`ID`),
  UNIQUE KEY `username_UNIQUE` (`username`),
  KEY `user_role_FK_idx` (`role_id`),
  CONSTRAINT `user_role_FK` FOREIGN KEY (`role_id`) REFERENCES `roles` (`ID`) ON DELETE RESTRICT ON UPDATE CASCADE
) ENGINE=InnoDB AUTO_INCREMENT=4 DEFAULT CHARSET=utf8mb4 COLLATE=utf8mb4_0900_ai_ci;
/*!40101 SET character_set_client = @saved_cs_client */;

--
-- Dumping data for table `users`
--

LOCK TABLES `users` WRITE;
/*!40000 ALTER TABLE `users` DISABLE KEYS */;
INSERT INTO `users` VALUES (1,'admin','admin',1),(2,'analyst','analyst',2),(3,'user','user',3);
/*!40000 ALTER TABLE `users` ENABLE KEYS */;
UNLOCK TABLES;
/*!40103 SET TIME_ZONE=@OLD_TIME_ZONE */;

/*!40101 SET SQL_MODE=@OLD_SQL_MODE */;
/*!40014 SET FOREIGN_KEY_CHECKS=@OLD_FOREIGN_KEY_CHECKS */;
/*!40014 SET UNIQUE_CHECKS=@OLD_UNIQUE_CHECKS */;
/*!40101 SET CHARACTER_SET_CLIENT=@OLD_CHARACTER_SET_CLIENT */;
/*!40101 SET CHARACTER_SET_RESULTS=@OLD_CHARACTER_SET_RESULTS */;
/*!40101 SET COLLATION_CONNECTION=@OLD_COLLATION_CONNECTION */;
/*!40111 SET SQL_NOTES=@OLD_SQL_NOTES */;

-- Dump completed on 2025-04-14 12:15:37
